Channel,Speed class,Field connector pin,Opto,Rin (2k2),Rpu (47k),Dser ref,Dser part,Dser stuffing,Dclamp ref,Dclamp part,Dclamp stuffing,Cflt ref,Cflt value,Cflt MFR Part #,Cflt LCSC Part #,Cflt stuffing,Signal-class evidence,Measured / prior,Decision + measurement that decides Cflt,Measurement procedure
DIELL_L,FAST (RP2040),J3-7,U10,R15,R16,D30,1N4148WS SOD-323 (LCSC C118873),POPULATE - ALWAYS (never DNP: DNP = open channel),D31,1N4148WS SOD-323 (LCSC C118873),POPULATE - ALWAYS (uniform; no per-channel decision),C23,10nF X7R,C0805B103K500NT,C17702767,DNP - DO NOT FIT unless the measurement below says so,"MEASURED (lane 22, 2026-07-18/21)",15.4-16 VDC at rest (DIELL board self-powers),"Absolute-maximum VIOLATION pre-r6: 9.4-11 V reverse at the rev-D Vw = 5-6 V rail (1.6-1.8x the 6 V V_R). Permanent, survives brain removal. Cflt UNFITTED (DC). FA-15 reverse proof MANDATORY. NOTE: FAST channel - never fit >22 nF.",Already metered - no measurement pending.
DIELL_R,FAST (RP2040),J3-8,U11,R17,R18,D32,1N4148WS SOD-323 (LCSC C118873),POPULATE - ALWAYS (never DNP: DNP = open channel),D33,1N4148WS SOD-323 (LCSC C118873),POPULATE - ALWAYS (uniform; no per-channel decision),C24,10nF X7R,C0805B103K500NT,C17702767,DNP - DO NOT FIT unless the measurement below says so,"MEASURED (lane 22, 2026-07-18/21)",15.4-16 VDC at rest (DIELL board self-powers),"Absolute-maximum VIOLATION pre-r6: 9.4-11 V reverse at the rev-D Vw = 5-6 V rail (1.6-1.8x the 6 V V_R). Permanent, survives brain removal. Cflt UNFITTED (DC). FA-15 reverse proof MANDATORY. NOTE: FAST channel - never fit >22 nF.",Already metered - no measurement pending.
SA,FAST (RP2040),J3-1,U4,R3,R4,D18,1N4148WS SOD-323 (LCSC C118873),POPULATE - ALWAYS (never DNP: DNP = open channel),D19,1N4148WS SOD-323 (LCSC C118873),POPULATE - ALWAYS (uniform; no per-channel decision),C17,10nF X7R,C0805B103K500NT,C17702767,DNP - DO NOT FIT unless the measurement below says so,UNMEASURED,"cam contact in the machine's 24 VAC relay ladder (prior, not reading) - proven by the ~21 ohm coil sneak paths that invalidated cold mapping twice",MEASURE-THEN-STUFF. FAST channel: if it is driven 24 VAC the answer is still DO NOT FIT Cflt - r6 makes it electrically SURVIVABLE (28.9 Vpk vs 75 V V_RRM) but NOT functionally usable (120 debounced edges/s = 12 per CHATTER_WINDOW_MS vs CHATTER_MAX_CAM = 8 -> sustained chatter fault). Fallback per the metering guide: tap the cam AT THE SWITCH and skip C2A for that channel.,"At the machine end, OEM brain powered, THIS BOARD DISCONNECTED: meter the channel wire to machine common on DC volts AND AC volts through a full machine cycle, then confirm with a scope (a DMM cannot tell 60 Hz AC from a chopped DC train). DECIDE: (a) V_AC < 1 Vrms -> DC class, LEAVE Cflt UNFITTED whatever V_DC is - Dser + Dclamp already cover DC up to 75 V V_RRM; (b) V_AC >= 5 Vrms (24 VAC ladder) AND this is a SLOW channel AND its release budget is >= 200 ms -> FIT Cflt 2.2uF and re-run FA-9 edge timing; (c) V_AC >= 5 Vrms on a FAST channel (SA/SB/SC/TA1/TA2/TB/DIELL_L/DIELL_R) -> DO NOT FIT. 60 Hz integration needs >=951 nF = 183 ms de-assert against a 1 ms edge budget, 92x DEBOUNCE_CAM_US and 122% of CAM_*_GRACE_MS; that channel is SURVIVABLE but NOT USABLE on AC and must be tapped at the switch or handled in firmware (r6 spec SS B.4). RECORD the reading either way - FA-15 requires the driven-24 VAC channel count N, and the board is budgeted for N = 0."
SB,FAST (RP2040),J3-2,U5,R5,R6,D20,1N4148WS SOD-323 (LCSC C118873),POPULATE - ALWAYS (never DNP: DNP = open channel),D21,1N4148WS SOD-323 (LCSC C118873),POPULATE - ALWAYS (uniform; no per-channel decision),C18,10nF X7R,C0805B103K500NT,C17702767,DNP - DO NOT FIT unless the measurement below says so,UNMEASURED,"cam contact in the machine's 24 VAC relay ladder (prior, not reading) - proven by the ~21 ohm coil sneak paths that invalidated cold mapping twice",MEASURE-THEN-STUFF. FAST channel: if it is driven 24 VAC the answer is still DO NOT FIT Cflt - r6 makes it electrically SURVIVABLE (28.9 Vpk vs 75 V V_RRM) but NOT functionally usable (120 debounced edges/s = 12 per CHATTER_WINDOW_MS vs CHATTER_MAX_CAM = 8 -> sustained chatter fault). Fallback per the metering guide: tap the cam AT THE SWITCH and skip C2A for that channel.,"At the machine end, OEM brain powered, THIS BOARD DISCONNECTED: meter the channel wire to machine common on DC volts AND AC volts through a full machine cycle, then confirm with a scope (a DMM cannot tell 60 Hz AC from a chopped DC train). DECIDE: (a) V_AC < 1 Vrms -> DC class, LEAVE Cflt UNFITTED whatever V_DC is - Dser + Dclamp already cover DC up to 75 V V_RRM; (b) V_AC >= 5 Vrms (24 VAC ladder) AND this is a SLOW channel AND its release budget is >= 200 ms -> FIT Cflt 2.2uF and re-run FA-9 edge timing; (c) V_AC >= 5 Vrms on a FAST channel (SA/SB/SC/TA1/TA2/TB/DIELL_L/DIELL_R) -> DO NOT FIT. 60 Hz integration needs >=951 nF = 183 ms de-assert against a 1 ms edge budget, 92x DEBOUNCE_CAM_US and 122% of CAM_*_GRACE_MS; that channel is SURVIVABLE but NOT USABLE on AC and must be tapped at the switch or handled in firmware (r6 spec SS B.4). RECORD the reading either way - FA-15 requires the driven-24 VAC channel count N, and the board is budgeted for N = 0."
SC,FAST (RP2040),J3-3,U6,R7,R8,D22,1N4148WS SOD-323 (LCSC C118873),POPULATE - ALWAYS (never DNP: DNP = open channel),D23,1N4148WS SOD-323 (LCSC C118873),POPULATE - ALWAYS (uniform; no per-channel decision),C19,10nF X7R,C0805B103K500NT,C17702767,DNP - DO NOT FIT unless the measurement below says so,UNMEASURED,"cam class, same 24 VAC ladder prior as SA/SB/TA1/TA2","MEASURE-THEN-STUFF. FAST channel - see SA/SB/TA1/TA2: AC-driven means tap at the switch or change firmware, never a cap.","At the machine end, OEM brain powered, THIS BOARD DISCONNECTED: meter the channel wire to machine common on DC volts AND AC volts through a full machine cycle, then confirm with a scope (a DMM cannot tell 60 Hz AC from a chopped DC train). DECIDE: (a) V_AC < 1 Vrms -> DC class, LEAVE Cflt UNFITTED whatever V_DC is - Dser + Dclamp already cover DC up to 75 V V_RRM; (b) V_AC >= 5 Vrms (24 VAC ladder) AND this is a SLOW channel AND its release budget is >= 200 ms -> FIT Cflt 2.2uF and re-run FA-9 edge timing; (c) V_AC >= 5 Vrms on a FAST channel (SA/SB/SC/TA1/TA2/TB/DIELL_L/DIELL_R) -> DO NOT FIT. 60 Hz integration needs >=951 nF = 183 ms de-assert against a 1 ms edge budget, 92x DEBOUNCE_CAM_US and 122% of CAM_*_GRACE_MS; that channel is SURVIVABLE but NOT USABLE on AC and must be tapped at the switch or handled in firmware (r6 spec SS B.4). RECORD the reading either way - FA-15 requires the driven-24 VAC channel count N, and the board is budgeted for N = 0."
TA1,FAST (RP2040),J3-4,U7,R9,R10,D24,1N4148WS SOD-323 (LCSC C118873),POPULATE - ALWAYS (never DNP: DNP = open channel),D25,1N4148WS SOD-323 (LCSC C118873),POPULATE - ALWAYS (uniform; no per-channel decision),C20,10nF X7R,C0805B103K500NT,C17702767,DNP - DO NOT FIT unless the measurement below says so,UNMEASURED,"cam contact in the machine's 24 VAC relay ladder (prior, not reading) - proven by the ~21 ohm coil sneak paths that invalidated cold mapping twice",MEASURE-THEN-STUFF. FAST channel: if it is driven 24 VAC the answer is still DO NOT FIT Cflt - r6 makes it electrically SURVIVABLE (28.9 Vpk vs 75 V V_RRM) but NOT functionally usable (120 debounced edges/s = 12 per CHATTER_WINDOW_MS vs CHATTER_MAX_CAM = 8 -> sustained chatter fault). Fallback per the metering guide: tap the cam AT THE SWITCH and skip C2A for that channel.,"At the machine end, OEM brain powered, THIS BOARD DISCONNECTED: meter the channel wire to machine common on DC volts AND AC volts through a full machine cycle, then confirm with a scope (a DMM cannot tell 60 Hz AC from a chopped DC train). DECIDE: (a) V_AC < 1 Vrms -> DC class, LEAVE Cflt UNFITTED whatever V_DC is - Dser + Dclamp already cover DC up to 75 V V_RRM; (b) V_AC >= 5 Vrms (24 VAC ladder) AND this is a SLOW channel AND its release budget is >= 200 ms -> FIT Cflt 2.2uF and re-run FA-9 edge timing; (c) V_AC >= 5 Vrms on a FAST channel (SA/SB/SC/TA1/TA2/TB/DIELL_L/DIELL_R) -> DO NOT FIT. 60 Hz integration needs >=951 nF = 183 ms de-assert against a 1 ms edge budget, 92x DEBOUNCE_CAM_US and 122% of CAM_*_GRACE_MS; that channel is SURVIVABLE but NOT USABLE on AC and must be tapped at the switch or handled in firmware (r6 spec SS B.4). RECORD the reading either way - FA-15 requires the driven-24 VAC channel count N, and the board is budgeted for N = 0."
TA2,FAST (RP2040),J3-5,U8,R11,R12,D26,1N4148WS SOD-323 (LCSC C118873),POPULATE - ALWAYS (never DNP: DNP = open channel),D27,1N4148WS SOD-323 (LCSC C118873),POPULATE - ALWAYS (uniform; no per-channel decision),C21,10nF X7R,C0805B103K500NT,C17702767,DNP - DO NOT FIT unless the measurement below says so,UNMEASURED,"cam contact in the machine's 24 VAC relay ladder (prior, not reading) - proven by the ~21 ohm coil sneak paths that invalidated cold mapping twice",MEASURE-THEN-STUFF. FAST channel: if it is driven 24 VAC the answer is still DO NOT FIT Cflt - r6 makes it electrically SURVIVABLE (28.9 Vpk vs 75 V V_RRM) but NOT functionally usable (120 debounced edges/s = 12 per CHATTER_WINDOW_MS vs CHATTER_MAX_CAM = 8 -> sustained chatter fault). Fallback per the metering guide: tap the cam AT THE SWITCH and skip C2A for that channel.,"At the machine end, OEM brain powered, THIS BOARD DISCONNECTED: meter the channel wire to machine common on DC volts AND AC volts through a full machine cycle, then confirm with a scope (a DMM cannot tell 60 Hz AC from a chopped DC train). DECIDE: (a) V_AC < 1 Vrms -> DC class, LEAVE Cflt UNFITTED whatever V_DC is - Dser + Dclamp already cover DC up to 75 V V_RRM; (b) V_AC >= 5 Vrms (24 VAC ladder) AND this is a SLOW channel AND its release budget is >= 200 ms -> FIT Cflt 2.2uF and re-run FA-9 edge timing; (c) V_AC >= 5 Vrms on a FAST channel (SA/SB/SC/TA1/TA2/TB/DIELL_L/DIELL_R) -> DO NOT FIT. 60 Hz integration needs >=951 nF = 183 ms de-assert against a 1 ms edge budget, 92x DEBOUNCE_CAM_US and 122% of CAM_*_GRACE_MS; that channel is SURVIVABLE but NOT USABLE on AC and must be tapped at the switch or handled in firmware (r6 spec SS B.4). RECORD the reading either way - FA-15 requires the driven-24 VAC channel count N, and the board is budgeted for N = 0."
TB,FAST (RP2040),J3-6,U9,R13,R14,D28,1N4148WS SOD-323 (LCSC C118873),POPULATE - ALWAYS (never DNP: DNP = open channel),D29,1N4148WS SOD-323 (LCSC C118873),POPULATE - ALWAYS (uniform; no per-channel decision),C22,10nF X7R,C0805B103K500NT,C17702767,DNP - DO NOT FIT unless the measurement below says so,UNMEASURED,"cam class, same 24 VAC ladder prior as SA/SB/TA1/TA2","MEASURE-THEN-STUFF. FAST channel - see SA/SB/TA1/TA2: AC-driven means tap at the switch or change firmware, never a cap.","At the machine end, OEM brain powered, THIS BOARD DISCONNECTED: meter the channel wire to machine common on DC volts AND AC volts through a full machine cycle, then confirm with a scope (a DMM cannot tell 60 Hz AC from a chopped DC train). DECIDE: (a) V_AC < 1 Vrms -> DC class, LEAVE Cflt UNFITTED whatever V_DC is - Dser + Dclamp already cover DC up to 75 V V_RRM; (b) V_AC >= 5 Vrms (24 VAC ladder) AND this is a SLOW channel AND its release budget is >= 200 ms -> FIT Cflt 2.2uF and re-run FA-9 edge timing; (c) V_AC >= 5 Vrms on a FAST channel (SA/SB/SC/TA1/TA2/TB/DIELL_L/DIELL_R) -> DO NOT FIT. 60 Hz integration needs >=951 nF = 183 ms de-assert against a 1 ms edge budget, 92x DEBOUNCE_CAM_US and 122% of CAM_*_GRACE_MS; that channel is SURVIVABLE but NOT USABLE on AC and must be tapped at the switch or handled in firmware (r6 spec SS B.4). RECORD the reading either way - FA-15 requires the driven-24 VAC channel count N, and the board is budgeted for N = 0."
AUX1,SLOW (MCP23017),J5-9,U33,R61,R62,D76,1N4148WS SOD-323 (LCSC C118873),POPULATE - ALWAYS (never DNP: DNP = open channel),D77,1N4148WS SOD-323 (LCSC C118873),POPULATE - ALWAYS (uniform; no per-channel decision),C46,2.2uF X7R,CL21B225KAFNNNE,C19110,DNP - DO NOT FIT unless the measurement below says so,SPARE - unallocated,no signal assigned,"Default UNFITTED. The reason Dclamp is POPULATED rather than DNP: nobody has chosen these channels' signal class yet, and a spare landed on an unknown wire is exactly the case a stuffing table loses across 32 lanes.","At the machine end, OEM brain powered, THIS BOARD DISCONNECTED: meter the channel wire to machine common on DC volts AND AC volts through a full machine cycle, then confirm with a scope (a DMM cannot tell 60 Hz AC from a chopped DC train). DECIDE: (a) V_AC < 1 Vrms -> DC class, LEAVE Cflt UNFITTED whatever V_DC is - Dser + Dclamp already cover DC up to 75 V V_RRM; (b) V_AC >= 5 Vrms (24 VAC ladder) AND this is a SLOW channel AND its release budget is >= 200 ms -> FIT Cflt 2.2uF and re-run FA-9 edge timing; (c) V_AC >= 5 Vrms on a FAST channel (SA/SB/SC/TA1/TA2/TB/DIELL_L/DIELL_R) -> DO NOT FIT. 60 Hz integration needs >=951 nF = 183 ms de-assert against a 1 ms edge budget, 92x DEBOUNCE_CAM_US and 122% of CAM_*_GRACE_MS; that channel is SURVIVABLE but NOT USABLE on AC and must be tapped at the switch or handled in firmware (r6 spec SS B.4). RECORD the reading either way - FA-15 requires the driven-24 VAC channel count N, and the board is budgeted for N = 0."
AUX10,SLOW (MCP23017),J15-7,U42,R79,R80,D94,1N4148WS SOD-323 (LCSC C118873),POPULATE - ALWAYS (never DNP: DNP = open channel),D95,1N4148WS SOD-323 (LCSC C118873),POPULATE - ALWAYS (uniform; no per-channel decision),C55,2.2uF X7R,CL21B225KAFNNNE,C19110,DNP - DO NOT FIT unless the measurement below says so,SPARE - unallocated,no signal assigned,"Default UNFITTED. The reason Dclamp is POPULATED rather than DNP: nobody has chosen these channels' signal class yet, and a spare landed on an unknown wire is exactly the case a stuffing table loses across 32 lanes.","At the machine end, OEM brain powered, THIS BOARD DISCONNECTED: meter the channel wire to machine common on DC volts AND AC volts through a full machine cycle, then confirm with a scope (a DMM cannot tell 60 Hz AC from a chopped DC train). DECIDE: (a) V_AC < 1 Vrms -> DC class, LEAVE Cflt UNFITTED whatever V_DC is - Dser + Dclamp already cover DC up to 75 V V_RRM; (b) V_AC >= 5 Vrms (24 VAC ladder) AND this is a SLOW channel AND its release budget is >= 200 ms -> FIT Cflt 2.2uF and re-run FA-9 edge timing; (c) V_AC >= 5 Vrms on a FAST channel (SA/SB/SC/TA1/TA2/TB/DIELL_L/DIELL_R) -> DO NOT FIT. 60 Hz integration needs >=951 nF = 183 ms de-assert against a 1 ms edge budget, 92x DEBOUNCE_CAM_US and 122% of CAM_*_GRACE_MS; that channel is SURVIVABLE but NOT USABLE on AC and must be tapped at the switch or handled in firmware (r6 spec SS B.4). RECORD the reading either way - FA-15 requires the driven-24 VAC channel count N, and the board is budgeted for N = 0."
AUX11,SLOW (MCP23017),J15-8,U43,R81,R82,D96,1N4148WS SOD-323 (LCSC C118873),POPULATE - ALWAYS (never DNP: DNP = open channel),D97,1N4148WS SOD-323 (LCSC C118873),POPULATE - ALWAYS (uniform; no per-channel decision),C56,2.2uF X7R,CL21B225KAFNNNE,C19110,DNP - DO NOT FIT unless the measurement below says so,SPARE - unallocated,no signal assigned,"Default UNFITTED. The reason Dclamp is POPULATED rather than DNP: nobody has chosen these channels' signal class yet, and a spare landed on an unknown wire is exactly the case a stuffing table loses across 32 lanes.","At the machine end, OEM brain powered, THIS BOARD DISCONNECTED: meter the channel wire to machine common on DC volts AND AC volts through a full machine cycle, then confirm with a scope (a DMM cannot tell 60 Hz AC from a chopped DC train). DECIDE: (a) V_AC < 1 Vrms -> DC class, LEAVE Cflt UNFITTED whatever V_DC is - Dser + Dclamp already cover DC up to 75 V V_RRM; (b) V_AC >= 5 Vrms (24 VAC ladder) AND this is a SLOW channel AND its release budget is >= 200 ms -> FIT Cflt 2.2uF and re-run FA-9 edge timing; (c) V_AC >= 5 Vrms on a FAST channel (SA/SB/SC/TA1/TA2/TB/DIELL_L/DIELL_R) -> DO NOT FIT. 60 Hz integration needs >=951 nF = 183 ms de-assert against a 1 ms edge budget, 92x DEBOUNCE_CAM_US and 122% of CAM_*_GRACE_MS; that channel is SURVIVABLE but NOT USABLE on AC and must be tapped at the switch or handled in firmware (r6 spec SS B.4). RECORD the reading either way - FA-15 requires the driven-24 VAC channel count N, and the board is budgeted for N = 0."
AUX2,SLOW (MCP23017),J5-10,U34,R63,R64,D78,1N4148WS SOD-323 (LCSC C118873),POPULATE - ALWAYS (never DNP: DNP = open channel),D79,1N4148WS SOD-323 (LCSC C118873),POPULATE - ALWAYS (uniform; no per-channel decision),C47,2.2uF X7R,CL21B225KAFNNNE,C19110,DNP - DO NOT FIT unless the measurement below says so,SPARE - unallocated,no signal assigned,"Default UNFITTED. The reason Dclamp is POPULATED rather than DNP: nobody has chosen these channels' signal class yet, and a spare landed on an unknown wire is exactly the case a stuffing table loses across 32 lanes.","At the machine end, OEM brain powered, THIS BOARD DISCONNECTED: meter the channel wire to machine common on DC volts AND AC volts through a full machine cycle, then confirm with a scope (a DMM cannot tell 60 Hz AC from a chopped DC train). DECIDE: (a) V_AC < 1 Vrms -> DC class, LEAVE Cflt UNFITTED whatever V_DC is - Dser + Dclamp already cover DC up to 75 V V_RRM; (b) V_AC >= 5 Vrms (24 VAC ladder) AND this is a SLOW channel AND its release budget is >= 200 ms -> FIT Cflt 2.2uF and re-run FA-9 edge timing; (c) V_AC >= 5 Vrms on a FAST channel (SA/SB/SC/TA1/TA2/TB/DIELL_L/DIELL_R) -> DO NOT FIT. 60 Hz integration needs >=951 nF = 183 ms de-assert against a 1 ms edge budget, 92x DEBOUNCE_CAM_US and 122% of CAM_*_GRACE_MS; that channel is SURVIVABLE but NOT USABLE on AC and must be tapped at the switch or handled in firmware (r6 spec SS B.4). RECORD the reading either way - FA-15 requires the driven-24 VAC channel count N, and the board is budgeted for N = 0."
AUX3,SLOW (MCP23017),J5-11,U35,R65,R66,D80,1N4148WS SOD-323 (LCSC C118873),POPULATE - ALWAYS (never DNP: DNP = open channel),D81,1N4148WS SOD-323 (LCSC C118873),POPULATE - ALWAYS (uniform; no per-channel decision),C48,2.2uF X7R,CL21B225KAFNNNE,C19110,DNP - DO NOT FIT unless the measurement below says so,SPARE - unallocated,no signal assigned,"Default UNFITTED. The reason Dclamp is POPULATED rather than DNP: nobody has chosen these channels' signal class yet, and a spare landed on an unknown wire is exactly the case a stuffing table loses across 32 lanes.","At the machine end, OEM brain powered, THIS BOARD DISCONNECTED: meter the channel wire to machine common on DC volts AND AC volts through a full machine cycle, then confirm with a scope (a DMM cannot tell 60 Hz AC from a chopped DC train). DECIDE: (a) V_AC < 1 Vrms -> DC class, LEAVE Cflt UNFITTED whatever V_DC is - Dser + Dclamp already cover DC up to 75 V V_RRM; (b) V_AC >= 5 Vrms (24 VAC ladder) AND this is a SLOW channel AND its release budget is >= 200 ms -> FIT Cflt 2.2uF and re-run FA-9 edge timing; (c) V_AC >= 5 Vrms on a FAST channel (SA/SB/SC/TA1/TA2/TB/DIELL_L/DIELL_R) -> DO NOT FIT. 60 Hz integration needs >=951 nF = 183 ms de-assert against a 1 ms edge budget, 92x DEBOUNCE_CAM_US and 122% of CAM_*_GRACE_MS; that channel is SURVIVABLE but NOT USABLE on AC and must be tapped at the switch or handled in firmware (r6 spec SS B.4). RECORD the reading either way - FA-15 requires the driven-24 VAC channel count N, and the board is budgeted for N = 0."
AUX4,SLOW (MCP23017),J15-1,U36,R67,R68,D82,1N4148WS SOD-323 (LCSC C118873),POPULATE - ALWAYS (never DNP: DNP = open channel),D83,1N4148WS SOD-323 (LCSC C118873),POPULATE - ALWAYS (uniform; no per-channel decision),C49,2.2uF X7R,CL21B225KAFNNNE,C19110,DNP - DO NOT FIT unless the measurement below says so,SPARE - unallocated,no signal assigned,"Default UNFITTED. The reason Dclamp is POPULATED rather than DNP: nobody has chosen these channels' signal class yet, and a spare landed on an unknown wire is exactly the case a stuffing table loses across 32 lanes.","At the machine end, OEM brain powered, THIS BOARD DISCONNECTED: meter the channel wire to machine common on DC volts AND AC volts through a full machine cycle, then confirm with a scope (a DMM cannot tell 60 Hz AC from a chopped DC train). DECIDE: (a) V_AC < 1 Vrms -> DC class, LEAVE Cflt UNFITTED whatever V_DC is - Dser + Dclamp already cover DC up to 75 V V_RRM; (b) V_AC >= 5 Vrms (24 VAC ladder) AND this is a SLOW channel AND its release budget is >= 200 ms -> FIT Cflt 2.2uF and re-run FA-9 edge timing; (c) V_AC >= 5 Vrms on a FAST channel (SA/SB/SC/TA1/TA2/TB/DIELL_L/DIELL_R) -> DO NOT FIT. 60 Hz integration needs >=951 nF = 183 ms de-assert against a 1 ms edge budget, 92x DEBOUNCE_CAM_US and 122% of CAM_*_GRACE_MS; that channel is SURVIVABLE but NOT USABLE on AC and must be tapped at the switch or handled in firmware (r6 spec SS B.4). RECORD the reading either way - FA-15 requires the driven-24 VAC channel count N, and the board is budgeted for N = 0."
AUX5,SLOW (MCP23017),J15-2,U37,R69,R70,D84,1N4148WS SOD-323 (LCSC C118873),POPULATE - ALWAYS (never DNP: DNP = open channel),D85,1N4148WS SOD-323 (LCSC C118873),POPULATE - ALWAYS (uniform; no per-channel decision),C50,2.2uF X7R,CL21B225KAFNNNE,C19110,DNP - DO NOT FIT unless the measurement below says so,SPARE - unallocated,no signal assigned,"Default UNFITTED. The reason Dclamp is POPULATED rather than DNP: nobody has chosen these channels' signal class yet, and a spare landed on an unknown wire is exactly the case a stuffing table loses across 32 lanes.","At the machine end, OEM brain powered, THIS BOARD DISCONNECTED: meter the channel wire to machine common on DC volts AND AC volts through a full machine cycle, then confirm with a scope (a DMM cannot tell 60 Hz AC from a chopped DC train). DECIDE: (a) V_AC < 1 Vrms -> DC class, LEAVE Cflt UNFITTED whatever V_DC is - Dser + Dclamp already cover DC up to 75 V V_RRM; (b) V_AC >= 5 Vrms (24 VAC ladder) AND this is a SLOW channel AND its release budget is >= 200 ms -> FIT Cflt 2.2uF and re-run FA-9 edge timing; (c) V_AC >= 5 Vrms on a FAST channel (SA/SB/SC/TA1/TA2/TB/DIELL_L/DIELL_R) -> DO NOT FIT. 60 Hz integration needs >=951 nF = 183 ms de-assert against a 1 ms edge budget, 92x DEBOUNCE_CAM_US and 122% of CAM_*_GRACE_MS; that channel is SURVIVABLE but NOT USABLE on AC and must be tapped at the switch or handled in firmware (r6 spec SS B.4). RECORD the reading either way - FA-15 requires the driven-24 VAC channel count N, and the board is budgeted for N = 0."
AUX6,SLOW (MCP23017),J15-3,U38,R71,R72,D86,1N4148WS SOD-323 (LCSC C118873),POPULATE - ALWAYS (never DNP: DNP = open channel),D87,1N4148WS SOD-323 (LCSC C118873),POPULATE - ALWAYS (uniform; no per-channel decision),C51,2.2uF X7R,CL21B225KAFNNNE,C19110,DNP - DO NOT FIT unless the measurement below says so,SPARE - unallocated,no signal assigned,"Default UNFITTED. The reason Dclamp is POPULATED rather than DNP: nobody has chosen these channels' signal class yet, and a spare landed on an unknown wire is exactly the case a stuffing table loses across 32 lanes.","At the machine end, OEM brain powered, THIS BOARD DISCONNECTED: meter the channel wire to machine common on DC volts AND AC volts through a full machine cycle, then confirm with a scope (a DMM cannot tell 60 Hz AC from a chopped DC train). DECIDE: (a) V_AC < 1 Vrms -> DC class, LEAVE Cflt UNFITTED whatever V_DC is - Dser + Dclamp already cover DC up to 75 V V_RRM; (b) V_AC >= 5 Vrms (24 VAC ladder) AND this is a SLOW channel AND its release budget is >= 200 ms -> FIT Cflt 2.2uF and re-run FA-9 edge timing; (c) V_AC >= 5 Vrms on a FAST channel (SA/SB/SC/TA1/TA2/TB/DIELL_L/DIELL_R) -> DO NOT FIT. 60 Hz integration needs >=951 nF = 183 ms de-assert against a 1 ms edge budget, 92x DEBOUNCE_CAM_US and 122% of CAM_*_GRACE_MS; that channel is SURVIVABLE but NOT USABLE on AC and must be tapped at the switch or handled in firmware (r6 spec SS B.4). RECORD the reading either way - FA-15 requires the driven-24 VAC channel count N, and the board is budgeted for N = 0."
AUX7,SLOW (MCP23017),J15-4,U39,R73,R74,D88,1N4148WS SOD-323 (LCSC C118873),POPULATE - ALWAYS (never DNP: DNP = open channel),D89,1N4148WS SOD-323 (LCSC C118873),POPULATE - ALWAYS (uniform; no per-channel decision),C52,2.2uF X7R,CL21B225KAFNNNE,C19110,DNP - DO NOT FIT unless the measurement below says so,SPARE - unallocated,no signal assigned,"Default UNFITTED. The reason Dclamp is POPULATED rather than DNP: nobody has chosen these channels' signal class yet, and a spare landed on an unknown wire is exactly the case a stuffing table loses across 32 lanes.","At the machine end, OEM brain powered, THIS BOARD DISCONNECTED: meter the channel wire to machine common on DC volts AND AC volts through a full machine cycle, then confirm with a scope (a DMM cannot tell 60 Hz AC from a chopped DC train). DECIDE: (a) V_AC < 1 Vrms -> DC class, LEAVE Cflt UNFITTED whatever V_DC is - Dser + Dclamp already cover DC up to 75 V V_RRM; (b) V_AC >= 5 Vrms (24 VAC ladder) AND this is a SLOW channel AND its release budget is >= 200 ms -> FIT Cflt 2.2uF and re-run FA-9 edge timing; (c) V_AC >= 5 Vrms on a FAST channel (SA/SB/SC/TA1/TA2/TB/DIELL_L/DIELL_R) -> DO NOT FIT. 60 Hz integration needs >=951 nF = 183 ms de-assert against a 1 ms edge budget, 92x DEBOUNCE_CAM_US and 122% of CAM_*_GRACE_MS; that channel is SURVIVABLE but NOT USABLE on AC and must be tapped at the switch or handled in firmware (r6 spec SS B.4). RECORD the reading either way - FA-15 requires the driven-24 VAC channel count N, and the board is budgeted for N = 0."
AUX8,SLOW (MCP23017),J15-5,U40,R75,R76,D90,1N4148WS SOD-323 (LCSC C118873),POPULATE - ALWAYS (never DNP: DNP = open channel),D91,1N4148WS SOD-323 (LCSC C118873),POPULATE - ALWAYS (uniform; no per-channel decision),C53,2.2uF X7R,CL21B225KAFNNNE,C19110,DNP - DO NOT FIT unless the measurement below says so,SPARE - unallocated,no signal assigned,"Default UNFITTED. The reason Dclamp is POPULATED rather than DNP: nobody has chosen these channels' signal class yet, and a spare landed on an unknown wire is exactly the case a stuffing table loses across 32 lanes.","At the machine end, OEM brain powered, THIS BOARD DISCONNECTED: meter the channel wire to machine common on DC volts AND AC volts through a full machine cycle, then confirm with a scope (a DMM cannot tell 60 Hz AC from a chopped DC train). DECIDE: (a) V_AC < 1 Vrms -> DC class, LEAVE Cflt UNFITTED whatever V_DC is - Dser + Dclamp already cover DC up to 75 V V_RRM; (b) V_AC >= 5 Vrms (24 VAC ladder) AND this is a SLOW channel AND its release budget is >= 200 ms -> FIT Cflt 2.2uF and re-run FA-9 edge timing; (c) V_AC >= 5 Vrms on a FAST channel (SA/SB/SC/TA1/TA2/TB/DIELL_L/DIELL_R) -> DO NOT FIT. 60 Hz integration needs >=951 nF = 183 ms de-assert against a 1 ms edge budget, 92x DEBOUNCE_CAM_US and 122% of CAM_*_GRACE_MS; that channel is SURVIVABLE but NOT USABLE on AC and must be tapped at the switch or handled in firmware (r6 spec SS B.4). RECORD the reading either way - FA-15 requires the driven-24 VAC channel count N, and the board is budgeted for N = 0."
AUX9,SLOW (MCP23017),J15-6,U41,R77,R78,D92,1N4148WS SOD-323 (LCSC C118873),POPULATE - ALWAYS (never DNP: DNP = open channel),D93,1N4148WS SOD-323 (LCSC C118873),POPULATE - ALWAYS (uniform; no per-channel decision),C54,2.2uF X7R,CL21B225KAFNNNE,C19110,DNP - DO NOT FIT unless the measurement below says so,SPARE - unallocated,no signal assigned,"Default UNFITTED. The reason Dclamp is POPULATED rather than DNP: nobody has chosen these channels' signal class yet, and a spare landed on an unknown wire is exactly the case a stuffing table loses across 32 lanes.","At the machine end, OEM brain powered, THIS BOARD DISCONNECTED: meter the channel wire to machine common on DC volts AND AC volts through a full machine cycle, then confirm with a scope (a DMM cannot tell 60 Hz AC from a chopped DC train). DECIDE: (a) V_AC < 1 Vrms -> DC class, LEAVE Cflt UNFITTED whatever V_DC is - Dser + Dclamp already cover DC up to 75 V V_RRM; (b) V_AC >= 5 Vrms (24 VAC ladder) AND this is a SLOW channel AND its release budget is >= 200 ms -> FIT Cflt 2.2uF and re-run FA-9 edge timing; (c) V_AC >= 5 Vrms on a FAST channel (SA/SB/SC/TA1/TA2/TB/DIELL_L/DIELL_R) -> DO NOT FIT. 60 Hz integration needs >=951 nF = 183 ms de-assert against a 1 ms edge budget, 92x DEBOUNCE_CAM_US and 122% of CAM_*_GRACE_MS; that channel is SURVIVABLE but NOT USABLE on AC and must be tapped at the switch or handled in firmware (r6 spec SS B.4). RECORD the reading either way - FA-15 requires the driven-24 VAC channel count N, and the board is budgeted for N = 0."
BS,SLOW (MCP23017),J4-13,U24,R43,R44,D58,1N4148WS SOD-323 (LCSC C118873),POPULATE - ALWAYS (never DNP: DNP = open channel),D59,1N4148WS SOD-323 (LCSC C118873),POPULATE - ALWAYS (uniform; no per-channel decision),C37,2.2uF X7R,CL21B225KAFNNNE,C19110,DNP - DO NOT FIT unless the measurement below says so,"MEASURED (lane 22, 2026-07-18/21)",11 VDC dry,DC dry contact (bin/#9 switch). Cflt UNFITTED. No measurement pending.,Already metered - no measurement pending.
FOUL,SLOW (MCP23017),J5-3,U27,R49,R50,D64,1N4148WS SOD-323 (LCSC C118873),POPULATE - ALWAYS (never DNP: DNP = open channel),D65,1N4148WS SOD-323 (LCSC C118873),POPULATE - ALWAYS (uniform; no per-channel decision),C40,2.2uF X7R,CL21B225KAFNNNE,C19110,DNP - DO NOT FIT unless the measurement below says so,UNMEASURED,Radaray foul-lamp wire - lamp circuits are a rectified/AC prior,"MEASURE-THEN-STUFF. SLOW channel, so 2.2uF IS available if it meters as 24 VAC - but foul is an EDGE input (on_foul); a 183 ms de-assert must be checked against the foul-detect timing before fitting. Default UNFITTED.","At the machine end, OEM brain powered, THIS BOARD DISCONNECTED: meter the channel wire to machine common on DC volts AND AC volts through a full machine cycle, then confirm with a scope (a DMM cannot tell 60 Hz AC from a chopped DC train). DECIDE: (a) V_AC < 1 Vrms -> DC class, LEAVE Cflt UNFITTED whatever V_DC is - Dser + Dclamp already cover DC up to 75 V V_RRM; (b) V_AC >= 5 Vrms (24 VAC ladder) AND this is a SLOW channel AND its release budget is >= 200 ms -> FIT Cflt 2.2uF and re-run FA-9 edge timing; (c) V_AC >= 5 Vrms on a FAST channel (SA/SB/SC/TA1/TA2/TB/DIELL_L/DIELL_R) -> DO NOT FIT. 60 Hz integration needs >=951 nF = 183 ms de-assert against a 1 ms edge budget, 92x DEBOUNCE_CAM_US and 122% of CAM_*_GRACE_MS; that channel is SURVIVABLE but NOT USABLE on AC and must be tapped at the switch or handled in firmware (r6 spec SS B.4). RECORD the reading either way - FA-15 requires the driven-24 VAC channel count N, and the board is budgeted for N = 0."
GP,SLOW (MCP23017),J4-11,U22,R39,R40,D54,1N4148WS SOD-323 (LCSC C118873),POPULATE - ALWAYS (never DNP: DNP = open channel),D55,1N4148WS SOD-323 (LCSC C118873),POPULATE - ALWAYS (uniform; no per-channel decision),C35,2.2uF X7R,CL21B225KAFNNNE,C19110,DNP - DO NOT FIT unless the measurement below says so,UNMEASURED,"gripper-protect, C2A-412DD - class open",MEASURE-THEN-STUFF. SLOW channel. Default UNFITTED; fit 2.2uF only on a metered 24 VAC reading with a >=200 ms release budget.,"At the machine end, OEM brain powered, THIS BOARD DISCONNECTED: meter the channel wire to machine common on DC volts AND AC volts through a full machine cycle, then confirm with a scope (a DMM cannot tell 60 Hz AC from a chopped DC train). DECIDE: (a) V_AC < 1 Vrms -> DC class, LEAVE Cflt UNFITTED whatever V_DC is - Dser + Dclamp already cover DC up to 75 V V_RRM; (b) V_AC >= 5 Vrms (24 VAC ladder) AND this is a SLOW channel AND its release budget is >= 200 ms -> FIT Cflt 2.2uF and re-run FA-9 edge timing; (c) V_AC >= 5 Vrms on a FAST channel (SA/SB/SC/TA1/TA2/TB/DIELL_L/DIELL_R) -> DO NOT FIT. 60 Hz integration needs >=951 nF = 183 ms de-assert against a 1 ms edge budget, 92x DEBOUNCE_CAM_US and 122% of CAM_*_GRACE_MS; that channel is SURVIVABLE but NOT USABLE on AC and must be tapped at the switch or handled in firmware (r6 spec SS B.4). RECORD the reading either way - FA-15 requires the driven-24 VAC channel count N, and the board is budgeted for N = 0."
GS1,SLOW (MCP23017),J4-1,U12,R19,R20,D34,1N4148WS SOD-323 (LCSC C118873),POPULATE - ALWAYS (never DNP: DNP = open channel),D35,1N4148WS SOD-323 (LCSC C118873),POPULATE - ALWAYS (uniform; no per-channel decision),C25,2.2uF X7R,CL21B225KAFNNNE,C19110,DNP - DO NOT FIT unless the measurement below says so,"MEASURED (lane 22, 2026-07-18/21)",11 VDC dry,"DC dry contact, safe bare even pre-r6. Cflt UNFITTED. No measurement pending.",Already metered - no measurement pending.
GS10,SLOW (MCP23017),J4-10,U21,R37,R38,D52,1N4148WS SOD-323 (LCSC C118873),POPULATE - ALWAYS (never DNP: DNP = open channel),D53,1N4148WS SOD-323 (LCSC C118873),POPULATE - ALWAYS (uniform; no per-channel decision),C34,2.2uF X7R,CL21B225KAFNNNE,C19110,DNP - DO NOT FIT unless the measurement below says so,"MEASURED (lane 22, 2026-07-18/21)",11 VDC dry,"DC dry contact, safe bare even pre-r6. Cflt UNFITTED. No measurement pending.",Already metered - no measurement pending.
GS2,SLOW (MCP23017),J4-2,U13,R21,R22,D36,1N4148WS SOD-323 (LCSC C118873),POPULATE - ALWAYS (never DNP: DNP = open channel),D37,1N4148WS SOD-323 (LCSC C118873),POPULATE - ALWAYS (uniform; no per-channel decision),C26,2.2uF X7R,CL21B225KAFNNNE,C19110,DNP - DO NOT FIT unless the measurement below says so,"MEASURED (lane 22, 2026-07-18/21)",11 VDC dry,"DC dry contact, safe bare even pre-r6. Cflt UNFITTED. No measurement pending.",Already metered - no measurement pending.
GS3,SLOW (MCP23017),J4-3,U14,R23,R24,D38,1N4148WS SOD-323 (LCSC C118873),POPULATE - ALWAYS (never DNP: DNP = open channel),D39,1N4148WS SOD-323 (LCSC C118873),POPULATE - ALWAYS (uniform; no per-channel decision),C27,2.2uF X7R,CL21B225KAFNNNE,C19110,DNP - DO NOT FIT unless the measurement below says so,"MEASURED (lane 22, 2026-07-18/21)",11 VDC dry,"DC dry contact, safe bare even pre-r6. Cflt UNFITTED. No measurement pending.",Already metered - no measurement pending.
GS4,SLOW (MCP23017),J4-4,U15,R25,R26,D40,1N4148WS SOD-323 (LCSC C118873),POPULATE - ALWAYS (never DNP: DNP = open channel),D41,1N4148WS SOD-323 (LCSC C118873),POPULATE - ALWAYS (uniform; no per-channel decision),C28,2.2uF X7R,CL21B225KAFNNNE,C19110,DNP - DO NOT FIT unless the measurement below says so,"MEASURED (lane 22, 2026-07-18/21)",11 VDC dry,"DC dry contact, safe bare even pre-r6. Cflt UNFITTED. No measurement pending.",Already metered - no measurement pending.
GS5,SLOW (MCP23017),J4-5,U16,R27,R28,D42,1N4148WS SOD-323 (LCSC C118873),POPULATE - ALWAYS (never DNP: DNP = open channel),D43,1N4148WS SOD-323 (LCSC C118873),POPULATE - ALWAYS (uniform; no per-channel decision),C29,2.2uF X7R,CL21B225KAFNNNE,C19110,DNP - DO NOT FIT unless the measurement below says so,"MEASURED (lane 22, 2026-07-18/21)",11 VDC dry,"DC dry contact, safe bare even pre-r6. Cflt UNFITTED. No measurement pending.",Already metered - no measurement pending.
GS6,SLOW (MCP23017),J4-6,U17,R29,R30,D44,1N4148WS SOD-323 (LCSC C118873),POPULATE - ALWAYS (never DNP: DNP = open channel),D45,1N4148WS SOD-323 (LCSC C118873),POPULATE - ALWAYS (uniform; no per-channel decision),C30,2.2uF X7R,CL21B225KAFNNNE,C19110,DNP - DO NOT FIT unless the measurement below says so,"MEASURED (lane 22, 2026-07-18/21)",11 VDC dry,"DC dry contact, safe bare even pre-r6. Cflt UNFITTED. No measurement pending.",Already metered - no measurement pending.
GS7,SLOW (MCP23017),J4-7,U18,R31,R32,D46,1N4148WS SOD-323 (LCSC C118873),POPULATE - ALWAYS (never DNP: DNP = open channel),D47,1N4148WS SOD-323 (LCSC C118873),POPULATE - ALWAYS (uniform; no per-channel decision),C31,2.2uF X7R,CL21B225KAFNNNE,C19110,DNP - DO NOT FIT unless the measurement below says so,"MEASURED (lane 22, 2026-07-18/21)",11 VDC dry,"DC dry contact, safe bare even pre-r6. Cflt UNFITTED. No measurement pending.",Already metered - no measurement pending.
GS8,SLOW (MCP23017),J4-8,U19,R33,R34,D48,1N4148WS SOD-323 (LCSC C118873),POPULATE - ALWAYS (never DNP: DNP = open channel),D49,1N4148WS SOD-323 (LCSC C118873),POPULATE - ALWAYS (uniform; no per-channel decision),C32,2.2uF X7R,CL21B225KAFNNNE,C19110,DNP - DO NOT FIT unless the measurement below says so,"MEASURED (lane 22, 2026-07-18/21)",11 VDC dry,"DC dry contact, safe bare even pre-r6. Cflt UNFITTED. No measurement pending.",Already metered - no measurement pending.
GS9,SLOW (MCP23017),J4-9,U20,R35,R36,D50,1N4148WS SOD-323 (LCSC C118873),POPULATE - ALWAYS (never DNP: DNP = open channel),D51,1N4148WS SOD-323 (LCSC C118873),POPULATE - ALWAYS (uniform; no per-channel decision),C33,2.2uF X7R,CL21B225KAFNNNE,C19110,DNP - DO NOT FIT unless the measurement below says so,"MEASURED (lane 22, 2026-07-18/21)",11 VDC dry,"DC dry contact, safe bare even pre-r6. Cflt UNFITTED. No measurement pending.",Already metered - no measurement pending.
MAN_S,SLOW (MCP23017),J5-6,U30,R55,R56,D70,1N4148WS SOD-323 (LCSC C118873),POPULATE - ALWAYS (never DNP: DNP = open channel),D71,1N4148WS SOD-323 (LCSC C118873),POPULATE - ALWAYS (uniform; no per-channel decision),C43,2.2uF X7R,CL21B225KAFNNNE,C19110,DNP - DO NOT FIT unless the measurement below says so,UNMEASURED,"machine console / manual switch - dry-contact prior, unmetered",MEASURE-THEN-STUFF before landing (these are future-FSM channels and unlanded on the first article). SLOW channel. Default UNFITTED.,"At the machine end, OEM brain powered, THIS BOARD DISCONNECTED: meter the channel wire to machine common on DC volts AND AC volts through a full machine cycle, then confirm with a scope (a DMM cannot tell 60 Hz AC from a chopped DC train). DECIDE: (a) V_AC < 1 Vrms -> DC class, LEAVE Cflt UNFITTED whatever V_DC is - Dser + Dclamp already cover DC up to 75 V V_RRM; (b) V_AC >= 5 Vrms (24 VAC ladder) AND this is a SLOW channel AND its release budget is >= 200 ms -> FIT Cflt 2.2uF and re-run FA-9 edge timing; (c) V_AC >= 5 Vrms on a FAST channel (SA/SB/SC/TA1/TA2/TB/DIELL_L/DIELL_R) -> DO NOT FIT. 60 Hz integration needs >=951 nF = 183 ms de-assert against a 1 ms edge budget, 92x DEBOUNCE_CAM_US and 122% of CAM_*_GRACE_MS; that channel is SURVIVABLE but NOT USABLE on AC and must be tapped at the switch or handled in firmware (r6 spec SS B.4). RECORD the reading either way - FA-15 requires the driven-24 VAC channel count N, and the board is budgeted for N = 0."
MAN_SWS,SLOW (MCP23017),J5-7,U31,R57,R58,D72,1N4148WS SOD-323 (LCSC C118873),POPULATE - ALWAYS (never DNP: DNP = open channel),D73,1N4148WS SOD-323 (LCSC C118873),POPULATE - ALWAYS (uniform; no per-channel decision),C44,2.2uF X7R,CL21B225KAFNNNE,C19110,DNP - DO NOT FIT unless the measurement below says so,UNMEASURED,"machine console / manual switch - dry-contact prior, unmetered",MEASURE-THEN-STUFF before landing (these are future-FSM channels and unlanded on the first article). SLOW channel. Default UNFITTED.,"At the machine end, OEM brain powered, THIS BOARD DISCONNECTED: meter the channel wire to machine common on DC volts AND AC volts through a full machine cycle, then confirm with a scope (a DMM cannot tell 60 Hz AC from a chopped DC train). DECIDE: (a) V_AC < 1 Vrms -> DC class, LEAVE Cflt UNFITTED whatever V_DC is - Dser + Dclamp already cover DC up to 75 V V_RRM; (b) V_AC >= 5 Vrms (24 VAC ladder) AND this is a SLOW channel AND its release budget is >= 200 ms -> FIT Cflt 2.2uF and re-run FA-9 edge timing; (c) V_AC >= 5 Vrms on a FAST channel (SA/SB/SC/TA1/TA2/TB/DIELL_L/DIELL_R) -> DO NOT FIT. 60 Hz integration needs >=951 nF = 183 ms de-assert against a 1 ms edge budget, 92x DEBOUNCE_CAM_US and 122% of CAM_*_GRACE_MS; that channel is SURVIVABLE but NOT USABLE on AC and must be tapped at the switch or handled in firmware (r6 spec SS B.4). RECORD the reading either way - FA-15 requires the driven-24 VAC channel count N, and the board is budgeted for N = 0."
MAN_SWSR,SLOW (MCP23017),J5-8,U32,R59,R60,D74,1N4148WS SOD-323 (LCSC C118873),POPULATE - ALWAYS (never DNP: DNP = open channel),D75,1N4148WS SOD-323 (LCSC C118873),POPULATE - ALWAYS (uniform; no per-channel decision),C45,2.2uF X7R,CL21B225KAFNNNE,C19110,DNP - DO NOT FIT unless the measurement below says so,UNMEASURED,"machine console / manual switch - dry-contact prior, unmetered",MEASURE-THEN-STUFF before landing (these are future-FSM channels and unlanded on the first article). SLOW channel. Default UNFITTED.,"At the machine end, OEM brain powered, THIS BOARD DISCONNECTED: meter the channel wire to machine common on DC volts AND AC volts through a full machine cycle, then confirm with a scope (a DMM cannot tell 60 Hz AC from a chopped DC train). DECIDE: (a) V_AC < 1 Vrms -> DC class, LEAVE Cflt UNFITTED whatever V_DC is - Dser + Dclamp already cover DC up to 75 V V_RRM; (b) V_AC >= 5 Vrms (24 VAC ladder) AND this is a SLOW channel AND its release budget is >= 200 ms -> FIT Cflt 2.2uF and re-run FA-9 edge timing; (c) V_AC >= 5 Vrms on a FAST channel (SA/SB/SC/TA1/TA2/TB/DIELL_L/DIELL_R) -> DO NOT FIT. 60 Hz integration needs >=951 nF = 183 ms de-assert against a 1 ms edge budget, 92x DEBOUNCE_CAM_US and 122% of CAM_*_GRACE_MS; that channel is SURVIVABLE but NOT USABLE on AC and must be tapped at the switch or handled in firmware (r6 spec SS B.4). RECORD the reading either way - FA-15 requires the driven-24 VAC channel count N, and the board is budgeted for N = 0."
MAN_T,SLOW (MCP23017),J5-5,U29,R53,R54,D68,1N4148WS SOD-323 (LCSC C118873),POPULATE - ALWAYS (never DNP: DNP = open channel),D69,1N4148WS SOD-323 (LCSC C118873),POPULATE - ALWAYS (uniform; no per-channel decision),C42,2.2uF X7R,CL21B225KAFNNNE,C19110,DNP - DO NOT FIT unless the measurement below says so,UNMEASURED,"machine console / manual switch - dry-contact prior, unmetered",MEASURE-THEN-STUFF before landing (these are future-FSM channels and unlanded on the first article). SLOW channel. Default UNFITTED.,"At the machine end, OEM brain powered, THIS BOARD DISCONNECTED: meter the channel wire to machine common on DC volts AND AC volts through a full machine cycle, then confirm with a scope (a DMM cannot tell 60 Hz AC from a chopped DC train). DECIDE: (a) V_AC < 1 Vrms -> DC class, LEAVE Cflt UNFITTED whatever V_DC is - Dser + Dclamp already cover DC up to 75 V V_RRM; (b) V_AC >= 5 Vrms (24 VAC ladder) AND this is a SLOW channel AND its release budget is >= 200 ms -> FIT Cflt 2.2uF and re-run FA-9 edge timing; (c) V_AC >= 5 Vrms on a FAST channel (SA/SB/SC/TA1/TA2/TB/DIELL_L/DIELL_R) -> DO NOT FIT. 60 Hz integration needs >=951 nF = 183 ms de-assert against a 1 ms edge budget, 92x DEBOUNCE_CAM_US and 122% of CAM_*_GRACE_MS; that channel is SURVIVABLE but NOT USABLE on AC and must be tapped at the switch or handled in firmware (r6 spec SS B.4). RECORD the reading either way - FA-15 requires the driven-24 VAC channel count N, and the board is budgeted for N = 0."
OS,SLOW (MCP23017),J4-12,U23,R41,R42,D56,1N4148WS SOD-323 (LCSC C118873),POPULATE - ALWAYS (never DNP: DNP = open channel),D57,1N4148WS SOD-323 (LCSC C118873),POPULATE - ALWAYS (uniform; no per-channel decision),C36,2.2uF X7R,CL21B225KAFNNNE,C19110,DNP - DO NOT FIT unless the measurement below says so,UNMEASURED,"off-spot, C2A source not yet identified - future FSM use",MEASURE-THEN-STUFF before landing. SLOW channel. Default UNFITTED.,"At the machine end, OEM brain powered, THIS BOARD DISCONNECTED: meter the channel wire to machine common on DC volts AND AC volts through a full machine cycle, then confirm with a scope (a DMM cannot tell 60 Hz AC from a chopped DC train). DECIDE: (a) V_AC < 1 Vrms -> DC class, LEAVE Cflt UNFITTED whatever V_DC is - Dser + Dclamp already cover DC up to 75 V V_RRM; (b) V_AC >= 5 Vrms (24 VAC ladder) AND this is a SLOW channel AND its release budget is >= 200 ms -> FIT Cflt 2.2uF and re-run FA-9 edge timing; (c) V_AC >= 5 Vrms on a FAST channel (SA/SB/SC/TA1/TA2/TB/DIELL_L/DIELL_R) -> DO NOT FIT. 60 Hz integration needs >=951 nF = 183 ms de-assert against a 1 ms edge budget, 92x DEBOUNCE_CAM_US and 122% of CAM_*_GRACE_MS; that channel is SURVIVABLE but NOT USABLE on AC and must be tapped at the switch or handled in firmware (r6 spec SS B.4). RECORD the reading either way - FA-15 requires the driven-24 VAC channel count N, and the board is budgeted for N = 0."
PBC,SLOW (MCP23017),J5-2,U26,R47,R48,D62,1N4148WS SOD-323 (LCSC C118873),POPULATE - ALWAYS (never DNP: DNP = open channel),D63,1N4148WS SOD-323 (LCSC C118873),POPULATE - ALWAYS (uniform; no per-channel decision),C39,2.2uF X7R,CL21B225KAFNNNE,C19110,DNP - DO NOT FIT unless the measurement below says so,UNMEASURED,"cycle pushbutton, C2A-21EE area (adjacent to the 33 VDC PBZ tap)","MEASURE-THEN-STUFF. SLOW channel. Physically next to PBZ, so treat a 33 VDC-class reading as likely; that is a DC reading and still means Cflt UNFITTED.","At the machine end, OEM brain powered, THIS BOARD DISCONNECTED: meter the channel wire to machine common on DC volts AND AC volts through a full machine cycle, then confirm with a scope (a DMM cannot tell 60 Hz AC from a chopped DC train). DECIDE: (a) V_AC < 1 Vrms -> DC class, LEAVE Cflt UNFITTED whatever V_DC is - Dser + Dclamp already cover DC up to 75 V V_RRM; (b) V_AC >= 5 Vrms (24 VAC ladder) AND this is a SLOW channel AND its release budget is >= 200 ms -> FIT Cflt 2.2uF and re-run FA-9 edge timing; (c) V_AC >= 5 Vrms on a FAST channel (SA/SB/SC/TA1/TA2/TB/DIELL_L/DIELL_R) -> DO NOT FIT. 60 Hz integration needs >=951 nF = 183 ms de-assert against a 1 ms edge budget, 92x DEBOUNCE_CAM_US and 122% of CAM_*_GRACE_MS; that channel is SURVIVABLE but NOT USABLE on AC and must be tapped at the switch or handled in firmware (r6 spec SS B.4). RECORD the reading either way - FA-15 requires the driven-24 VAC channel count N, and the board is budgeted for N = 0."
PBZ,SLOW (MCP23017),J5-1,U25,R45,R46,D60,1N4148WS SOD-323 (LCSC C118873),POPULATE - ALWAYS (never DNP: DNP = open channel),D61,1N4148WS SOD-323 (LCSC C118873),POPULATE - ALWAYS (uniform; no per-channel decision),C38,2.2uF X7R,CL21B225KAFNNNE,C19110,DNP - DO NOT FIT unless the measurement below says so,"MEASURED (lane 22, 2026-07-18/21)",33 VDC (rectified-24 VAC class),"THE canonical over-voltage channel: 27-28 V reverse at the rev-D Vw = 5-6 V rail vs a PC817 V_R max of 6 V (4.5-4.7x). Dser + Dclamp are what make it landable at all. Cflt UNFITTED (DC, not AC). FA-15 reverse proof is MANDATORY on this channel.",Already metered - no measurement pending.
TENTH,SLOW (MCP23017),J5-4,U28,R51,R52,D66,1N4148WS SOD-323 (LCSC C118873),POPULATE - ALWAYS (never DNP: DNP = open channel),D67,1N4148WS SOD-323 (LCSC C118873),POPULATE - ALWAYS (uniform; no per-channel decision),C41,2.2uF X7R,CL21B225KAFNNNE,C19110,DNP - DO NOT FIT unless the measurement below says so,UNMEASURED,"machine console / manual switch - dry-contact prior, unmetered",MEASURE-THEN-STUFF before landing (these are future-FSM channels and unlanded on the first article). SLOW channel. Default UNFITTED.,"At the machine end, OEM brain powered, THIS BOARD DISCONNECTED: meter the channel wire to machine common on DC volts AND AC volts through a full machine cycle, then confirm with a scope (a DMM cannot tell 60 Hz AC from a chopped DC train). DECIDE: (a) V_AC < 1 Vrms -> DC class, LEAVE Cflt UNFITTED whatever V_DC is - Dser + Dclamp already cover DC up to 75 V V_RRM; (b) V_AC >= 5 Vrms (24 VAC ladder) AND this is a SLOW channel AND its release budget is >= 200 ms -> FIT Cflt 2.2uF and re-run FA-9 edge timing; (c) V_AC >= 5 Vrms on a FAST channel (SA/SB/SC/TA1/TA2/TB/DIELL_L/DIELL_R) -> DO NOT FIT. 60 Hz integration needs >=951 nF = 183 ms de-assert against a 1 ms edge budget, 92x DEBOUNCE_CAM_US and 122% of CAM_*_GRACE_MS; that channel is SURVIVABLE but NOT USABLE on AC and must be tapped at the switch or handled in firmware (r6 spec SS B.4). RECORD the reading either way - FA-15 requires the driven-24 VAC channel count N, and the board is budgeted for N = 0."
