Ref,Val,Package,PosX,PosY,Rot,Side
"A1","RP2040 Pico","RaspberryPi_Pico_SMD",100.000000,-33.000000,0.000000,top
"C1","0.1uF","C_0805_2012Metric",116.000000,-92.000000,0.000000,top
"C2","0.1uF","C_0805_2012Metric",113.000000,-130.000000,0.000000,top
"C3","0.1uF","C_0805_2012Metric",140.000000,-96.000000,0.000000,top
"C11","100uF/16V","CP_Elec_6.3x5.4",156.000000,-42.000000,90.000000,top
"C12","0.1uF","C_0805_2012Metric",156.000000,-67.000000,90.000000,top
"C13","10nF","C_0805_2012Metric",166.000000,-42.000000,90.000000,top
"C14","10uF","C_0805_2012Metric",140.000000,-78.000000,0.000000,top
"C15","100nF","C_0805_2012Metric",117.000000,-44.000000,90.000000,top
"C16","0.1uF","C_0805_2012Metric",133.400000,-216.400000,90.000000,top
"D1","1N4148","D_SOD-323",164.000000,-78.000000,0.000000,top
"D3","1N4148","D_SOD-323",164.000000,-100.000000,0.000000,top
"D5","1N4148","D_SOD-323",164.000000,-122.000000,0.000000,top
"D7","1N4148","D_SOD-323",164.000000,-144.000000,0.000000,top
"D9","1N4148","D_SOD-323",164.000000,-166.000000,0.000000,top
"D11","1N4148","D_SOD-323",164.000000,-188.000000,0.000000,top
"D15","1N4148","D_SOD-323",152.000000,-35.000000,0.000000,top
"D16","1N4148","D_SOD-323",159.000000,-35.000000,0.000000,top
"D17","SS34","D_SMA",122.000000,-20.000000,0.000000,top
"F1","1206L020YR 200mA","Fuse_1206_3216Metric",122.600000,-220.500000,-90.000000,top
"J1","J_PI","IDC-Header_2x10_P2.54mm_Vertical",135.500000,-10.000000,90.000000,top
"J2","J_PWR 5V","TerminalBlock_Phoenix_MKDS-1,5-3-5.08_1x03_P5.08mm_Horizontal",116.000000,-10.000000,0.000000,top
"J3","J_FAST_IN","PhoenixContact_MCV_1,5_10-G-3.5_1x10_P3.50mm_Vertical_D1.4",9.000000,-42.000000,90.000000,top
"J4","J_SLOW_IN_A","PhoenixContact_MCV_1,5_14-G-3.5_1x14_P3.50mm_Vertical_D1.4",9.000000,-103.000000,90.000000,top
"J5","J_SLOW_IN_B","PhoenixContact_MCV_1,5_12-G-3.5_1x12_P3.50mm_Vertical_D1.4",9.000000,-168.000000,90.000000,top
"J6","J_MOTION_S 5.08mm","TerminalBlock_Phoenix_MKDS-1,5-2-5.08_1x02_P5.08mm_Horizontal",242.000000,-68.000000,-90.000000,top
"J7","J_MOTION_T 5.08mm","TerminalBlock_Phoenix_MKDS-1,5-2-5.08_1x02_P5.08mm_Horizontal",242.000000,-90.000000,-90.000000,top
"J8","J_MOTION_SP 5.08mm","TerminalBlock_Phoenix_MKDS-1,5-2-5.08_1x02_P5.08mm_Horizontal",242.000000,-112.000000,-90.000000,top
"J9","J_MOTION_BE 5.08mm","TerminalBlock_Phoenix_MKDS-1,5-2-5.08_1x02_P5.08mm_Horizontal",242.000000,-134.000000,-90.000000,top
"J10","J_MOTION_M 5.08mm","TerminalBlock_Phoenix_MKDS-1,5-2-5.08_1x02_P5.08mm_Horizontal",242.000000,-156.000000,-90.000000,top
"J11","J_MOTION_M2 5.08mm","TerminalBlock_Phoenix_MKDS-1,5-2-5.08_1x02_P5.08mm_Horizontal",242.000000,-178.000000,-90.000000,top
"J13","J_LAMP_LED","PhoenixContact_MCV_1,5_6-G-3.5_1x06_P3.50mm_Vertical_D1.4",104.000000,-206.000000,0.000000,top
"J14","J_SAFETY","PhoenixContact_MCV_1,5_4-G-3.5_1x04_P3.50mm_Vertical_D1.4",167.000000,-10.000000,0.000000,top
"J15","J_SLOW_IN_C","PhoenixContact_MCV_1,5_10-G-3.5_1x10_P3.50mm_Vertical_D1.4",9.000000,-222.000000,90.000000,top
"J16","J_EXT_I2C","PhoenixContact_MCV_1,5_6-G-3.5_1x06_P3.50mm_Vertical_D1.4",128.000000,-206.000000,0.000000,top
"K1","G5LE S","Relay_SPDT_Omron-G5LE-1",176.000000,-72.000000,90.000000,top
"K2","G5LE T","Relay_SPDT_Omron-G5LE-1",176.000000,-94.000000,90.000000,top
"K3","G5LE SP","Relay_SPDT_Omron-G5LE-1",176.000000,-116.000000,90.000000,top
"K4","G5LE BE","Relay_SPDT_Omron-G5LE-1",176.000000,-138.000000,90.000000,top
"K5","G5LE M","Relay_SPDT_Omron-G5LE-1",176.000000,-160.000000,90.000000,top
"K6","G5LE M2","Relay_SPDT_Omron-G5LE-1",176.000000,-182.000000,90.000000,top
"Q1","MMBT3904 S","SOT-23",160.000000,-67.000000,0.000000,top
"Q2","MMBT3904 T","SOT-23",160.000000,-89.000000,0.000000,top
"Q3","MMBT3904 SP","SOT-23",160.000000,-111.000000,0.000000,top
"Q4","MMBT3904 BE","SOT-23",160.000000,-133.000000,0.000000,top
"Q5","MMBT3904 M","SOT-23",160.000000,-155.000000,0.000000,top
"Q6","MMBT3904 M2","SOT-23",160.000000,-177.000000,0.000000,top
"Q8","2N7002 LED L_FIRST","SOT-23",104.000000,-198.000000,0.000000,top
"Q9","2N7002 LED L_SECOND","SOT-23",116.000000,-198.000000,0.000000,top
"Q10","2N7002 LED L_STRIKE","SOT-23",128.000000,-198.000000,0.000000,top
"Q11","2N7002 LED L_FOUL","SOT-23",140.000000,-198.000000,0.000000,top
"Q12","AO3400A kick","SOT-23",142.000000,-58.000000,0.000000,top
"Q13","AO3400A wdog","SOT-23",162.000000,-58.000000,0.000000,top
"Q14","AO3401A rail pass","SOT-23",158.000000,-82.000000,0.000000,top
"Q15","MMBT3904 AND ARM","SOT-23",143.000000,-92.000000,0.000000,top
"Q16","MMBT3904 AND RP_OK","SOT-23",160.000000,-96.000000,0.000000,top
"Q17","2N7002LT1G TAP 555","SOT-23",116.000000,-52.000000,180.000000,top
"Q18","2N7002LT1G TAP KICK","SOT-23",116.000000,-56.000000,180.000000,top
"Q19","2N7002LT1G TAP ARM","SOT-23",116.000000,-60.000000,180.000000,top
"Q20","2N7002LT1G TAP RPOK","SOT-23",116.000000,-64.000000,180.000000,top
"R1","4.7k","R_0805_2012Metric",103.000000,-86.000000,90.000000,top
"R2","4.7k","R_0805_2012Metric",110.000000,-86.000000,90.000000,top
"R3","2k2","R_0805_2012Metric",58.000000,-11.200000,0.000000,top
"R4","10k","R_0805_2012Metric",86.000000,-14.800000,0.000000,top
"R5","2k2","R_0805_2012Metric",58.000000,-16.900000,0.000000,top
"R6","10k","R_0805_2012Metric",86.000000,-20.500000,0.000000,top
"R7","2k2","R_0805_2012Metric",58.000000,-22.599999,0.000000,top
"R8","10k","R_0805_2012Metric",86.000000,-26.200000,0.000000,top
"R9","2k2","R_0805_2012Metric",58.000000,-28.300000,0.000000,top
"R10","10k","R_0805_2012Metric",86.000000,-31.900000,0.000000,top
"R11","2k2","R_0805_2012Metric",58.000000,-34.000000,0.000000,top
"R12","10k","R_0805_2012Metric",86.000000,-37.599999,0.000000,top
"R13","2k2","R_0805_2012Metric",58.000000,-39.700000,0.000000,top
"R14","10k","R_0805_2012Metric",86.000000,-43.300000,0.000000,top
"R15","2k2","R_0805_2012Metric",58.000000,-45.400000,0.000000,top
"R16","10k","R_0805_2012Metric",86.000000,-49.000000,0.000000,top
"R17","2k2","R_0805_2012Metric",58.000000,-51.100000,0.000000,top
"R18","10k","R_0805_2012Metric",86.000000,-54.699999,0.000000,top
"R19","2k2","R_0805_2012Metric",58.000000,-56.800000,0.000000,top
"R20","10k","R_0805_2012Metric",86.000000,-60.400000,0.000000,top
"R21","2k2","R_0805_2012Metric",58.000000,-62.500000,0.000000,top
"R22","10k","R_0805_2012Metric",86.000000,-66.100000,0.000000,top
"R23","2k2","R_0805_2012Metric",58.000000,-68.200000,0.000000,top
"R24","10k","R_0805_2012Metric",86.000000,-71.800000,0.000000,top
"R25","2k2","R_0805_2012Metric",58.000000,-73.900000,0.000000,top
"R26","10k","R_0805_2012Metric",86.000000,-77.500000,0.000000,top
"R27","2k2","R_0805_2012Metric",58.000000,-79.600000,0.000000,top
"R28","10k","R_0805_2012Metric",86.000000,-83.200000,0.000000,top
"R29","2k2","R_0805_2012Metric",58.000000,-85.300000,0.000000,top
"R30","10k","R_0805_2012Metric",86.000000,-88.900000,0.000000,top
"R31","2k2","R_0805_2012Metric",58.000000,-91.000000,0.000000,top
"R32","10k","R_0805_2012Metric",86.000000,-94.600000,0.000000,top
"R33","2k2","R_0805_2012Metric",58.000000,-96.700000,0.000000,top
"R34","10k","R_0805_2012Metric",86.000000,-100.300000,0.000000,top
"R35","2k2","R_0805_2012Metric",58.000000,-102.400000,0.000000,top
"R36","10k","R_0805_2012Metric",86.000000,-106.000000,0.000000,top
"R37","2k2","R_0805_2012Metric",58.000000,-108.100000,0.000000,top
"R38","10k","R_0805_2012Metric",86.000000,-111.700000,0.000000,top
"R39","2k2","R_0805_2012Metric",58.000000,-113.800000,0.000000,top
"R40","10k","R_0805_2012Metric",86.000000,-117.400000,0.000000,top
"R41","2k2","R_0805_2012Metric",58.000000,-119.500000,0.000000,top
"R42","10k","R_0805_2012Metric",86.000000,-123.100000,0.000000,top
"R43","2k2","R_0805_2012Metric",58.000000,-125.200000,0.000000,top
"R44","10k","R_0805_2012Metric",86.000000,-128.800000,0.000000,top
"R45","2k2","R_0805_2012Metric",58.000000,-130.899999,0.000000,top
"R46","10k","R_0805_2012Metric",86.000000,-134.500000,0.000000,top
"R47","2k2","R_0805_2012Metric",58.000000,-136.600000,0.000000,top
"R48","10k","R_0805_2012Metric",86.000000,-140.200000,0.000000,top
"R49","2k2","R_0805_2012Metric",58.000000,-142.299999,0.000000,top
"R50","10k","R_0805_2012Metric",86.000000,-145.900000,0.000000,top
"R51","2k2","R_0805_2012Metric",58.000000,-148.000000,0.000000,top
"R52","10k","R_0805_2012Metric",86.000000,-151.600000,0.000000,top
"R53","2k2","R_0805_2012Metric",58.000000,-153.700000,0.000000,top
"R54","10k","R_0805_2012Metric",86.000000,-157.300000,0.000000,top
"R55","2k2","R_0805_2012Metric",58.000000,-159.400000,0.000000,top
"R56","10k","R_0805_2012Metric",86.000000,-163.000000,0.000000,top
"R57","2k2","R_0805_2012Metric",58.000000,-165.100000,0.000000,top
"R58","10k","R_0805_2012Metric",86.000000,-168.700000,0.000000,top
"R59","2k2","R_0805_2012Metric",58.000000,-170.799999,0.000000,top
"R60","10k","R_0805_2012Metric",86.000000,-174.400000,0.000000,top
"R61","2k2","R_0805_2012Metric",58.000000,-176.500000,0.000000,top
"R62","10k","R_0805_2012Metric",86.000000,-180.100000,0.000000,top
"R63","2k2","R_0805_2012Metric",58.000000,-182.200000,0.000000,top
"R64","10k","R_0805_2012Metric",86.000000,-185.800000,0.000000,top
"R65","2k2","R_0805_2012Metric",58.000000,-187.900000,0.000000,top
"R66","10k","R_0805_2012Metric",86.000000,-191.500000,0.000000,top
"R67","2k2","R_0805_2012Metric",58.000000,-193.600000,0.000000,top
"R68","10k","R_0805_2012Metric",86.000000,-197.200000,0.000000,top
"R69","2k2","R_0805_2012Metric",58.000000,-199.299999,0.000000,top
"R70","10k","R_0805_2012Metric",86.000000,-202.900000,0.000000,top
"R71","2k2","R_0805_2012Metric",58.000000,-205.000000,0.000000,top
"R72","10k","R_0805_2012Metric",86.000000,-208.600000,0.000000,top
"R73","2k2","R_0805_2012Metric",58.000000,-210.700000,0.000000,top
"R74","10k","R_0805_2012Metric",86.000000,-214.300000,0.000000,top
"R75","2k2","R_0805_2012Metric",58.000000,-216.400000,0.000000,top
"R76","10k","R_0805_2012Metric",86.000000,-220.000000,0.000000,top
"R77","2k2","R_0805_2012Metric",58.000000,-222.100000,0.000000,top
"R78","10k","R_0805_2012Metric",86.000000,-225.700000,0.000000,top
"R79","2k2","R_0805_2012Metric",58.000000,-227.799999,0.000000,top
"R80","10k","R_0805_2012Metric",86.000000,-231.400000,0.000000,top
"R81","2k2","R_0805_2012Metric",58.000000,-233.500000,0.000000,top
"R82","10k","R_0805_2012Metric",86.000000,-237.100000,0.000000,top
"R83","1k","R_0805_2012Metric",150.000000,-65.000000,90.000000,top
"R84","100k","R_0805_2012Metric",150.000000,-71.000000,90.000000,top
"R86","1k","R_0805_2012Metric",150.000000,-87.000000,90.000000,top
"R87","100k","R_0805_2012Metric",150.000000,-93.000000,90.000000,top
"R89","1k","R_0805_2012Metric",150.000000,-109.000000,90.000000,top
"R90","100k","R_0805_2012Metric",150.000000,-115.000000,90.000000,top
"R92","1k","R_0805_2012Metric",150.000000,-131.000000,90.000000,top
"R93","100k","R_0805_2012Metric",150.000000,-137.000000,90.000000,top
"R95","1k","R_0805_2012Metric",150.000000,-153.000000,90.000000,top
"R96","100k","R_0805_2012Metric",150.000000,-159.000000,90.000000,top
"R98","1k","R_0805_2012Metric",150.000000,-175.000000,90.000000,top
"R99","100k","R_0805_2012Metric",150.000000,-181.000000,90.000000,top
"R104","1k","R_0805_2012Metric",101.000000,-190.000000,90.000000,top
"R105","100k","R_0805_2012Metric",107.000000,-190.000000,90.000000,top
"R106","330R","R_0805_2012Metric",104.000000,-182.000000,0.000000,top
"R107","1k","R_0805_2012Metric",113.000000,-190.000000,90.000000,top
"R108","100k","R_0805_2012Metric",119.000000,-190.000000,90.000000,top
"R109","330R","R_0805_2012Metric",116.000000,-182.000000,0.000000,top
"R110","1k","R_0805_2012Metric",125.000000,-190.000000,90.000000,top
"R111","100k","R_0805_2012Metric",131.000000,-190.000000,90.000000,top
"R112","330R","R_0805_2012Metric",128.000000,-182.000000,0.000000,top
"R113","1k","R_0805_2012Metric",137.000000,-190.000000,90.000000,top
"R114","100k","R_0805_2012Metric",143.000000,-190.000000,90.000000,top
"R115","330R","R_0805_2012Metric",140.000000,-182.000000,0.000000,top
"R116","100k","R_0805_2012Metric",146.000000,-40.000000,90.000000,top
"R117","10k","R_0805_2012Metric",145.000000,-78.000000,90.000000,top
"R118","1k","R_0805_2012Metric",142.000000,-47.000000,90.000000,top
"R119","10k","R_0805_2012Metric",142.000000,-70.000000,90.000000,top
"R120","1k","R_0805_2012Metric",162.000000,-47.000000,90.000000,top
"R121","10k","R_0805_2012Metric",162.000000,-70.000000,90.000000,top
"R122","2k2","R_0805_2012Metric",63.000000,-16.000000,90.000000,top
"R123","2k2","R_0805_2012Metric",67.000000,-16.000000,90.000000,top
"R124","100k","R_0805_2012Metric",148.000000,-82.000000,90.000000,top
"R125","10k","R_0805_2012Metric",133.000000,-90.000000,90.000000,top
"R126","100k","R_0805_2012Metric",133.000000,-98.000000,90.000000,top
"R127","10k","R_0805_2012Metric",170.000000,-90.000000,90.000000,top
"R128","100k","R_0805_2012Metric",170.000000,-98.000000,90.000000,top
"R129","10k","R_0805_2012Metric",114.000000,-41.000000,90.000000,top
"R130","10k","R_0805_2012Metric",114.000000,-47.000000,90.000000,top
"R131","1M","R_0805_2012Metric",146.000000,-33.000000,0.000000,top
"R132","10k","R_0805_2012Metric",120.500000,-52.000000,180.000000,top
"R133","1M","R_0805_2012Metric",136.000000,-47.000000,90.000000,top
"R134","10k","R_0805_2012Metric",120.500000,-56.000000,180.000000,top
"R135","10M","R_0805_2012Metric",125.000000,-56.000000,0.000000,top
"R136","1M","R_0805_2012Metric",130.000000,-70.000000,90.000000,top
"R137","10k","R_0805_2012Metric",120.500000,-60.000000,180.000000,top
"R138","10M","R_0805_2012Metric",125.000000,-60.000000,0.000000,top
"R139","1M","R_0805_2012Metric",156.000000,-64.000000,0.000000,top
"R140","10k","R_0805_2012Metric",120.500000,-64.000000,180.000000,top
"R141","10M","R_0805_2012Metric",125.000000,-64.000000,0.000000,top
"R142","4.7k","R_0805_2012Metric",148.300000,-216.000000,180.000000,top
"R143","4.7k","R_0805_2012Metric",137.700000,-223.300000,0.000000,top
"R144","10k","R_0805_2012Metric",118.000000,-68.000000,180.000000,top
"R145","10k","R_0805_2012Metric",118.000000,-71.000000,180.000000,top
"U1","MCP23017 MCP_IN_A","SOIC-28W_7.5x17.9mm_P1.27mm",122.000000,-104.000000,0.000000,top
"U2","MCP23017 MCP_IN_B","SOIC-28W_7.5x17.9mm_P1.27mm",122.000000,-146.000000,0.000000,top
"U3","MCP23017 MCP_OUT_A","SOIC-28W_7.5x17.9mm_P1.27mm",140.000000,-112.000000,0.000000,top
"U4","PC817 SA","DIP-4_W7.62mm",74.000000,-13.000000,0.000000,top
"U5","PC817 SB","DIP-4_W7.62mm",74.000000,-18.700000,0.000000,top
"U6","PC817 SC","DIP-4_W7.62mm",74.000000,-24.400000,0.000000,top
"U7","PC817 TA1","DIP-4_W7.62mm",74.000000,-30.100000,0.000000,top
"U8","PC817 TA2","DIP-4_W7.62mm",74.000000,-35.800000,0.000000,top
"U9","PC817 TB","DIP-4_W7.62mm",74.000000,-41.500000,0.000000,top
"U10","PC817 DIELL_L","DIP-4_W7.62mm",74.000000,-47.200000,0.000000,top
"U11","PC817 DIELL_R","DIP-4_W7.62mm",74.000000,-52.900000,0.000000,top
"U12","PC817 GS1","DIP-4_W7.62mm",74.000000,-58.600000,0.000000,top
"U13","PC817 GS2","DIP-4_W7.62mm",74.000000,-64.300000,0.000000,top
"U14","PC817 GS3","DIP-4_W7.62mm",74.000000,-70.000000,0.000000,top
"U15","PC817 GS4","DIP-4_W7.62mm",74.000000,-75.700000,0.000000,top
"U16","PC817 GS5","DIP-4_W7.62mm",74.000000,-81.400000,0.000000,top
"U17","PC817 GS6","DIP-4_W7.62mm",74.000000,-87.100000,0.000000,top
"U18","PC817 GS7","DIP-4_W7.62mm",74.000000,-92.800000,0.000000,top
"U19","PC817 GS8","DIP-4_W7.62mm",74.000000,-98.500000,0.000000,top
"U20","PC817 GS9","DIP-4_W7.62mm",74.000000,-104.200000,0.000000,top
"U21","PC817 GS10","DIP-4_W7.62mm",74.000000,-109.900000,0.000000,top
"U22","PC817 GP","DIP-4_W7.62mm",74.000000,-115.600000,0.000000,top
"U23","PC817 OS","DIP-4_W7.62mm",74.000000,-121.300000,0.000000,top
"U24","PC817 BS","DIP-4_W7.62mm",74.000000,-127.000000,0.000000,top
"U25","PC817 PBZ","DIP-4_W7.62mm",74.000000,-132.699999,0.000000,top
"U26","PC817 PBC","DIP-4_W7.62mm",74.000000,-138.400000,0.000000,top
"U27","PC817 FOUL","DIP-4_W7.62mm",74.000000,-144.100000,0.000000,top
"U28","PC817 TENTH","DIP-4_W7.62mm",74.000000,-149.800000,0.000000,top
"U29","PC817 MAN_T","DIP-4_W7.62mm",74.000000,-155.500000,0.000000,top
"U30","PC817 MAN_S","DIP-4_W7.62mm",74.000000,-161.200000,0.000000,top
"U31","PC817 MAN_SWS","DIP-4_W7.62mm",74.000000,-166.900000,0.000000,top
"U32","PC817 MAN_SWSR","DIP-4_W7.62mm",74.000000,-172.600000,0.000000,top
"U33","PC817 AUX1","DIP-4_W7.62mm",74.000000,-178.300000,0.000000,top
"U34","PC817 AUX2","DIP-4_W7.62mm",74.000000,-184.000000,0.000000,top
"U35","PC817 AUX3","DIP-4_W7.62mm",74.000000,-189.700000,0.000000,top
"U36","PC817 AUX4","DIP-4_W7.62mm",74.000000,-195.400000,0.000000,top
"U37","PC817 AUX5","DIP-4_W7.62mm",74.000000,-201.100000,0.000000,top
"U38","PC817 AUX6","DIP-4_W7.62mm",74.000000,-206.800000,0.000000,top
"U39","PC817 AUX7","DIP-4_W7.62mm",74.000000,-212.500000,0.000000,top
"U40","PC817 AUX8","DIP-4_W7.62mm",74.000000,-218.200000,0.000000,top
"U41","PC817 AUX9","DIP-4_W7.62mm",74.000000,-223.900000,0.000000,top
"U42","PC817 AUX10","DIP-4_W7.62mm",74.000000,-229.600000,0.000000,top
"U43","PC817 AUX11","DIP-4_W7.62mm",74.000000,-235.300000,0.000000,top
"U44","NE555","SOIC-8_3.9x4.9mm_P1.27mm",151.000000,-50.000000,0.000000,top
"U45","TMA-0505S","Converter_DCDC_TRACO_TMA-05xxS_12xxS_Single_THT",85.000000,-5.700000,-90.000000,top
"U46","TCA4307DGKR","VSSOP-8_3x3mm_P0.65mm",130.900000,-220.600000,0.000000,top
"U47","SRV05-4","SOT-23-6",140.300000,-217.200000,180.000000,top
