Ref,Qty,Role,Manufacturer,MFR Part #,Description,Source,Status,Notes
A1,1,RP2040 module,Raspberry Pi,SC0915,"Raspberry Pi Pico, castellated module, no pre-soldered headers",DigiKey 2648-SC0915CT-ND or official Raspberry Pi reseller,Locked,Program with firmware v1.2 (remediation R3) after assembly; do not use Pico H/WH.
J1,1,Pi IDC/header,CNC Tech candidate,3020-20-0100-00,20-position 2x10 2.54mm vertical through-hole box/IDC header candidate,DigiKey 1175-1612-ND candidate,Candidate - verify body/keying,"Verify shroud, key slot, pin-1 orientation vs KiCad footprint before ordering."
J3,1,FAST field input header,Phoenix Contact,1843680,"MCV 1,5/10-G-3,5, 10-position vertical PCB header, 3.5mm pitch",Phoenix Contact,Locked,Board drills 1.4mm per the Phoenix drilling plan (FR-9 _D1.4 footprints). Mating plug 1840447 on the harness BOM. CODED: keep-out profile pairing vs J15.
J4,1,SLOW A field input header,Phoenix Contact,1843729,"MCV 1,5/14-G-3,5, 14-position vertical PCB header, 3.5mm pitch",Phoenix Contact,Locked,Mating plug 1840489 on the harness BOM.
J5,1,SLOW B field input header,Phoenix Contact,1843703,"MCV 1,5/12-G-3,5, 12-position vertical PCB header, 3.5mm pitch",Phoenix Contact,Locked,Mating plug 1840463 on the harness BOM.
J13,1,LED lamp header,Phoenix Contact,1843648,"MCV 1,5/ 6-G-3,5, 6-position vertical PCB header, 3.5mm pitch",Phoenix Contact,Locked,Mating plug 1840405 on the harness BOM. CODED: keep-out profile pairing vs J16.
J15,1,"SLOW C field input header (AUX4-11, NEW in rev-D)",Phoenix Contact,1843680,"MCV 1,5/10-G-3,5, 10-position vertical PCB header, 3.5mm pitch",Phoenix Contact,Locked,SAME header PN as J3 - the CP-MSTB coding (harness BOM) is what tells the plugs apart. Silk: KEYED: NOT J3.
J16,1,External I2C expansion header (NEW in rev-D),Phoenix Contact,1843648,"MCV 1,5/ 6-G-3,5, 6-position vertical PCB header, 3.5mm pitch",Phoenix Contact,Locked,SAME header PN as J13 - CP-MSTB coding required. Silk: KEYED: NOT J13 LAMP. DNP-tolerant: may be left unpopulated on early articles.
U45,1,Isolated field supply (rev-C refdes U37 - SHIFTED),TRACO Power,TMA 0505S,"Isolated 5V-to-5V 1W SIP DC/DC converter, 5V 200mA output",DigiKey 1951-1003-ND / TME / Mouser equivalent,Locked exact part,Do not substitute without pinout and isolation review. Rev-D refdes is U45; U37 on a rev-D board is the AUX5 optocoupler (first-article doc pack).
