Comment,Designator,Footprint,Quantity,Assembly Bucket,Source Strategy,Purchase Spec,Candidate MPN,Candidate JLCPCB Part #,LCSC Part #,Notes
0.1uF,"C1,C2,C3,C12",C_0805_2012Metric,4,SMT candidate,JLC/LCSC stock,"0.1uF 0805 MLCC, X7R/X5R, 16V minimum",,,,
100k,"R68,R71,R74,R77,R80,R83,R89,R92,R95,R98,R100,R106,R108,R110",R_0805_2012Metric,14,SMT candidate,JLC/LCSC stock,"100k 0805 resistor, 1%, 1/8W minimum",,,,
10k,"R4,R6,R8,R10,R12,R14,R16,R18,R20,R22,R24,R26,R28,R30,R32,R34,R36,R38,R40,R42,R44,R46,R48,R50,R52,R54,R56,R58,R60,R62,R64,R66,R101,R103,R105,R107,R109",R_0805_2012Metric,37,SMT candidate,JLC/LCSC stock,"10k 0805 resistor, 1%, 1/8W minimum",,,,
10nF,C13,C_0805_2012Metric,1,SMT candidate,JLC/LCSC stock,"10nF 0805 MLCC, X7R/C0G, 50V preferred",,,,
10uF,C14,C_0805_2012Metric,1,SMT candidate,JLC/LCSC stock,"10uF 0805 MLCC, X5R/X7R, 16V preferred",,,,Verify DC-bias derating is acceptable on 5V rail.
1N4148,"D1,D3,D5,D7,D9,D11,D15,D16",D_SOD-323,8,SMT candidate,JLC/LCSC stock,"1N4148WS or equivalent small-signal diode, SOD-323",,JLC candidate C118873,,
1k,"R67,R70,R73,R76,R79,R82,R88,R91,R94,R97,R102,R104",R_0805_2012Metric,12,SMT candidate,JLC/LCSC stock,"1k 0805 resistor, 1%, 1/8W minimum",,,,
2N7002 LED L_FIRST,Q8,SOT-23,1,SMT candidate,JLC/LCSC stock,"2N7002 N-channel MOSFET, SOT-23",,JLC candidate C916396,,
2N7002 LED L_FOUL,Q11,SOT-23,1,SMT candidate,JLC/LCSC stock,"2N7002 N-channel MOSFET, SOT-23",,JLC candidate C916396,,
2N7002 LED L_SECOND,Q9,SOT-23,1,SMT candidate,JLC/LCSC stock,"2N7002 N-channel MOSFET, SOT-23",,JLC candidate C916396,,
2N7002 LED L_STRIKE,Q10,SOT-23,1,SMT candidate,JLC/LCSC stock,"2N7002 N-channel MOSFET, SOT-23",,JLC candidate C916396,,
2k2,"R3,R5,R7,R9,R11,R13,R15,R17,R19,R21,R23,R25,R27,R29,R31,R33,R35,R37,R39,R41,R43,R45,R47,R49,R51,R53,R55,R57,R59,R61,R63,R65",R_0805_2012Metric,32,SMT candidate,JLC/LCSC stock,"2k2 0805 resistor, 1%, 1/8W minimum",,,,
330R,"R90,R93,R96,R99",R_0805_2012Metric,4,SMT candidate,JLC/LCSC stock,"330R 0805 resistor, 1%, 1/8W minimum",,,,
4.7k,"R1,R2",R_0805_2012Metric,2,SMT candidate,JLC/LCSC stock,"4.7k 0805 resistor, 1%, 1/8W minimum",,,,
AO3400A kick,Q12,SOT-23,1,SMT candidate,JLC/LCSC stock,"AO3400A or equivalent logic-level N-channel MOSFET, SOT-23",,JLC candidate C20917,,
AO3400A wdog,Q13,SOT-23,1,SMT candidate,JLC/LCSC stock,"AO3400A or equivalent logic-level N-channel MOSFET, SOT-23",,JLC candidate C20917,,
AO3401A rail pass,Q14,SOT-23,1,SMT candidate,JLC/LCSC stock,"AO3401A or equivalent P-channel MOSFET, SOT-23",,JLC candidate C347476,,
MMBT3904 AND ARM,Q15,SOT-23,1,SMT candidate,JLC/LCSC stock,"MMBT3904 NPN transistor, SOT-23",,JLC candidate C909754,,
MMBT3904 AND RP_OK,Q16,SOT-23,1,SMT candidate,JLC/LCSC stock,"MMBT3904 NPN transistor, SOT-23",,JLC candidate C909754,,
MMBT3904 BE,Q4,SOT-23,1,SMT candidate,JLC/LCSC stock,"MMBT3904 NPN transistor, SOT-23",,JLC candidate C909754,,
MMBT3904 M,Q5,SOT-23,1,SMT candidate,JLC/LCSC stock,"MMBT3904 NPN transistor, SOT-23",,JLC candidate C909754,,
MMBT3904 M2,Q6,SOT-23,1,SMT candidate,JLC/LCSC stock,"MMBT3904 NPN transistor, SOT-23",,JLC candidate C909754,,
MMBT3904 S,Q1,SOT-23,1,SMT candidate,JLC/LCSC stock,"MMBT3904 NPN transistor, SOT-23",,JLC candidate C909754,,
MMBT3904 SP,Q3,SOT-23,1,SMT candidate,JLC/LCSC stock,"MMBT3904 NPN transistor, SOT-23",,JLC candidate C909754,,
MMBT3904 T,Q2,SOT-23,1,SMT candidate,JLC/LCSC stock,"MMBT3904 NPN transistor, SOT-23",,JLC candidate C909754,,
NE555,U36,SOIC-8_3.9x4.9mm_P1.27mm,1,SMT candidate,JLC/LCSC stock,"NE555 timer, SOIC-8",NE555D / TLC555-compatible only if timing verified,,,No locked JLC part yet; select an in-stock bipolar 555 compatible with the watchdog timing circuit.
SS14,D17,D_SMA,1,SMT candidate,JLC/LCSC stock,"SS14 Schottky diode, SMA",,JLC candidate C2480,,
100uF/16V,C11,CP_Elec_6.3x5.4,1,SMT candidate - verify footprint,JLC/LCSC stock or exact substitute,"100uF 16V SMD electrolytic, 6.3x5.4mm footprint",,,,Polarized part; verify can diameter and pad geometry against selected part.
MCP23017 MCP_IN_A,U1,SOIC-28W_7.5x17.9mm_P1.27mm,1,SMT candidate - stock verify,JLC/LCSC stock or pre-order,"MCP23017 I/O expander, SOIC-28W 7.5mm body, 1.27mm pitch",MCP23017-E/SO or MCP23017T-E/SO,JLC candidate C47023,,Confirm package width and I2C address variant; do not substitute SPI MCP23S17.
MCP23017 MCP_IN_B,U2,SOIC-28W_7.5x17.9mm_P1.27mm,1,SMT candidate - stock verify,JLC/LCSC stock or pre-order,"MCP23017 I/O expander, SOIC-28W 7.5mm body, 1.27mm pitch",MCP23017-E/SO or MCP23017T-E/SO,JLC candidate C47023,,Confirm package width and I2C address variant; do not substitute SPI MCP23S17.
MCP23017 MCP_OUT_A,U3,SOIC-28W_7.5x17.9mm_P1.27mm,1,SMT candidate - stock verify,JLC/LCSC stock or pre-order,"MCP23017 I/O expander, SOIC-28W 7.5mm body, 1.27mm pitch",MCP23017-E/SO or MCP23017T-E/SO,JLC candidate C47023,,Confirm package width and I2C address variant; do not substitute SPI MCP23S17.
G5LE BE,K4,Relay_SPDT_Omron-G5LE-1,1,THT assembly / verify,"JLC THT, consign, or hand-solder",5V coil SPDT relay matching Omron G5LE-1 footprint,Omron G5LE-14 DC5 or footprint-compatible,JLC candidate C116963,,"Verify coil voltage, contact rating, pinout, height, and wash/flux rules."
G5LE M,K5,Relay_SPDT_Omron-G5LE-1,1,THT assembly / verify,"JLC THT, consign, or hand-solder",5V coil SPDT relay matching Omron G5LE-1 footprint,Omron G5LE-14 DC5 or footprint-compatible,JLC candidate C116963,,"Verify coil voltage, contact rating, pinout, height, and wash/flux rules."
G5LE M2,K6,Relay_SPDT_Omron-G5LE-1,1,THT assembly / verify,"JLC THT, consign, or hand-solder",5V coil SPDT relay matching Omron G5LE-1 footprint,Omron G5LE-14 DC5 or footprint-compatible,JLC candidate C116963,,"Verify coil voltage, contact rating, pinout, height, and wash/flux rules."
G5LE S,K1,Relay_SPDT_Omron-G5LE-1,1,THT assembly / verify,"JLC THT, consign, or hand-solder",5V coil SPDT relay matching Omron G5LE-1 footprint,Omron G5LE-14 DC5 or footprint-compatible,JLC candidate C116963,,"Verify coil voltage, contact rating, pinout, height, and wash/flux rules."
G5LE SP,K3,Relay_SPDT_Omron-G5LE-1,1,THT assembly / verify,"JLC THT, consign, or hand-solder",5V coil SPDT relay matching Omron G5LE-1 footprint,Omron G5LE-14 DC5 or footprint-compatible,JLC candidate C116963,,"Verify coil voltage, contact rating, pinout, height, and wash/flux rules."
G5LE T,K2,Relay_SPDT_Omron-G5LE-1,1,THT assembly / verify,"JLC THT, consign, or hand-solder",5V coil SPDT relay matching Omron G5LE-1 footprint,Omron G5LE-14 DC5 or footprint-compatible,JLC candidate C116963,,"Verify coil voltage, contact rating, pinout, height, and wash/flux rules."
J_FAST_IN,J3,"PhoenixContact_MCV_1,5_10-G-3.5_1x10_P3.50mm_Vertical",1,THT assembly / verify,"JLC THT, consign, or hand-solder","10-position vertical pluggable terminal header, 3.5mm pitch","Phoenix MCV 1,5/x-G-3,5 family or footprint-compatible",,,Order matching off-board plugs separately; verify latching/keying and orientation.
J_LAMP_LED,J13,"PhoenixContact_MCV_1,5_6-G-3.5_1x06_P3.50mm_Vertical",1,THT assembly / verify,"JLC THT, consign, or hand-solder","6-position vertical pluggable terminal header, 3.5mm pitch","Phoenix MCV 1,5/x-G-3,5 family or footprint-compatible",,,Order matching off-board plugs separately; verify latching/keying and orientation.
J_MOTION_BE 5.08mm,J9,"TerminalBlock_Phoenix_MKDS-1,5-2-5.08_1x02_P5.08mm_Horizontal",1,THT assembly / verify,"JLC THT, consign, or hand-solder","2-position fixed screw terminal block, 5.08mm pitch, horizontal wire entry","Phoenix MKDS 1,5 series or footprint-compatible",JLC candidate C5183929,,"Verify pin pitch, drill size, body keepout, and wire-entry direction."
J_MOTION_M 5.08mm,J10,"TerminalBlock_Phoenix_MKDS-1,5-2-5.08_1x02_P5.08mm_Horizontal",1,THT assembly / verify,"JLC THT, consign, or hand-solder","2-position fixed screw terminal block, 5.08mm pitch, horizontal wire entry","Phoenix MKDS 1,5 series or footprint-compatible",JLC candidate C5183929,,"Verify pin pitch, drill size, body keepout, and wire-entry direction."
J_MOTION_M2 5.08mm,J11,"TerminalBlock_Phoenix_MKDS-1,5-2-5.08_1x02_P5.08mm_Horizontal",1,THT assembly / verify,"JLC THT, consign, or hand-solder","2-position fixed screw terminal block, 5.08mm pitch, horizontal wire entry","Phoenix MKDS 1,5 series or footprint-compatible",JLC candidate C5183929,,"Verify pin pitch, drill size, body keepout, and wire-entry direction."
J_MOTION_S 5.08mm,J6,"TerminalBlock_Phoenix_MKDS-1,5-2-5.08_1x02_P5.08mm_Horizontal",1,THT assembly / verify,"JLC THT, consign, or hand-solder","2-position fixed screw terminal block, 5.08mm pitch, horizontal wire entry","Phoenix MKDS 1,5 series or footprint-compatible",JLC candidate C5183929,,"Verify pin pitch, drill size, body keepout, and wire-entry direction."
J_MOTION_SP 5.08mm,J8,"TerminalBlock_Phoenix_MKDS-1,5-2-5.08_1x02_P5.08mm_Horizontal",1,THT assembly / verify,"JLC THT, consign, or hand-solder","2-position fixed screw terminal block, 5.08mm pitch, horizontal wire entry","Phoenix MKDS 1,5 series or footprint-compatible",JLC candidate C5183929,,"Verify pin pitch, drill size, body keepout, and wire-entry direction."
J_MOTION_T 5.08mm,J7,"TerminalBlock_Phoenix_MKDS-1,5-2-5.08_1x02_P5.08mm_Horizontal",1,THT assembly / verify,"JLC THT, consign, or hand-solder","2-position fixed screw terminal block, 5.08mm pitch, horizontal wire entry","Phoenix MKDS 1,5 series or footprint-compatible",JLC candidate C5183929,,"Verify pin pitch, drill size, body keepout, and wire-entry direction."
J_PI,J1,IDC-Header_2x10_P2.54mm_Vertical,1,THT assembly / verify,JLC THT or consign,"2x10 vertical IDC/shrouded header, 2.54mm pitch",,,,Confirm cable keying/orientation against Pi interface harness.
J_PWR 5V,J2,"TerminalBlock_Phoenix_MKDS-1,5-3-5.08_1x03_P5.08mm_Horizontal",1,THT assembly / verify,"JLC THT, consign, or hand-solder","3-position fixed screw terminal block, 5.08mm pitch, horizontal wire entry","Phoenix MKDS 1,5 series or footprint-compatible",No locked JLC candidate yet,,"Verify pin pitch, drill size, body keepout, and wire-entry direction."
J_SAFETY,J14,"PhoenixContact_MCV_1,5_4-G-3.5_1x04_P3.50mm_Vertical",1,THT assembly / verify,"JLC THT, consign, or hand-solder","4-position vertical pluggable terminal header, 3.5mm pitch","Phoenix MCV 1,5/x-G-3,5 family or footprint-compatible",,,Order matching off-board plugs separately; verify latching/keying and orientation.
J_SLOW_IN_A,J4,"PhoenixContact_MCV_1,5_14-G-3.5_1x14_P3.50mm_Vertical",1,THT assembly / verify,"JLC THT, consign, or hand-solder","14-position vertical pluggable terminal header, 3.5mm pitch","Phoenix MCV 1,5/x-G-3,5 family or footprint-compatible",,,Order matching off-board plugs separately; verify latching/keying and orientation.
J_SLOW_IN_B,J5,"PhoenixContact_MCV_1,5_12-G-3.5_1x12_P3.50mm_Vertical",1,THT assembly / verify,"JLC THT, consign, or hand-solder","12-position vertical pluggable terminal header, 3.5mm pitch","Phoenix MCV 1,5/x-G-3,5 family or footprint-compatible",,,Order matching off-board plugs separately; verify latching/keying and orientation.
PC817 AUX1,U33,DIP-4_W7.62mm,1,THT assembly / verify,"JLC THT, consign, or hand-solder","PC817/LTV-817 optocoupler, DIP-4, 7.62mm row spacing",PC817C/LTV-817C family,JLC candidates C5692981 or C50176486,,Keep the wide isolation footprint; verify CTR bin is acceptable with Rev-B resistor values.
PC817 AUX2,U34,DIP-4_W7.62mm,1,THT assembly / verify,"JLC THT, consign, or hand-solder","PC817/LTV-817 optocoupler, DIP-4, 7.62mm row spacing",PC817C/LTV-817C family,JLC candidates C5692981 or C50176486,,Keep the wide isolation footprint; verify CTR bin is acceptable with Rev-B resistor values.
PC817 AUX3,U35,DIP-4_W7.62mm,1,THT assembly / verify,"JLC THT, consign, or hand-solder","PC817/LTV-817 optocoupler, DIP-4, 7.62mm row spacing",PC817C/LTV-817C family,JLC candidates C5692981 or C50176486,,Keep the wide isolation footprint; verify CTR bin is acceptable with Rev-B resistor values.
PC817 BS,U24,DIP-4_W7.62mm,1,THT assembly / verify,"JLC THT, consign, or hand-solder","PC817/LTV-817 optocoupler, DIP-4, 7.62mm row spacing",PC817C/LTV-817C family,JLC candidates C5692981 or C50176486,,Keep the wide isolation footprint; verify CTR bin is acceptable with Rev-B resistor values.
PC817 DIELL_L,U10,DIP-4_W7.62mm,1,THT assembly / verify,"JLC THT, consign, or hand-solder","PC817/LTV-817 optocoupler, DIP-4, 7.62mm row spacing",PC817C/LTV-817C family,JLC candidates C5692981 or C50176486,,Keep the wide isolation footprint; verify CTR bin is acceptable with Rev-B resistor values.
PC817 DIELL_R,U11,DIP-4_W7.62mm,1,THT assembly / verify,"JLC THT, consign, or hand-solder","PC817/LTV-817 optocoupler, DIP-4, 7.62mm row spacing",PC817C/LTV-817C family,JLC candidates C5692981 or C50176486,,Keep the wide isolation footprint; verify CTR bin is acceptable with Rev-B resistor values.
PC817 FOUL,U27,DIP-4_W7.62mm,1,THT assembly / verify,"JLC THT, consign, or hand-solder","PC817/LTV-817 optocoupler, DIP-4, 7.62mm row spacing",PC817C/LTV-817C family,JLC candidates C5692981 or C50176486,,Keep the wide isolation footprint; verify CTR bin is acceptable with Rev-B resistor values.
PC817 GP,U22,DIP-4_W7.62mm,1,THT assembly / verify,"JLC THT, consign, or hand-solder","PC817/LTV-817 optocoupler, DIP-4, 7.62mm row spacing",PC817C/LTV-817C family,JLC candidates C5692981 or C50176486,,Keep the wide isolation footprint; verify CTR bin is acceptable with Rev-B resistor values.
PC817 GS1,U12,DIP-4_W7.62mm,1,THT assembly / verify,"JLC THT, consign, or hand-solder","PC817/LTV-817 optocoupler, DIP-4, 7.62mm row spacing",PC817C/LTV-817C family,JLC candidates C5692981 or C50176486,,Keep the wide isolation footprint; verify CTR bin is acceptable with Rev-B resistor values.
PC817 GS10,U21,DIP-4_W7.62mm,1,THT assembly / verify,"JLC THT, consign, or hand-solder","PC817/LTV-817 optocoupler, DIP-4, 7.62mm row spacing",PC817C/LTV-817C family,JLC candidates C5692981 or C50176486,,Keep the wide isolation footprint; verify CTR bin is acceptable with Rev-B resistor values.
PC817 GS2,U13,DIP-4_W7.62mm,1,THT assembly / verify,"JLC THT, consign, or hand-solder","PC817/LTV-817 optocoupler, DIP-4, 7.62mm row spacing",PC817C/LTV-817C family,JLC candidates C5692981 or C50176486,,Keep the wide isolation footprint; verify CTR bin is acceptable with Rev-B resistor values.
PC817 GS3,U14,DIP-4_W7.62mm,1,THT assembly / verify,"JLC THT, consign, or hand-solder","PC817/LTV-817 optocoupler, DIP-4, 7.62mm row spacing",PC817C/LTV-817C family,JLC candidates C5692981 or C50176486,,Keep the wide isolation footprint; verify CTR bin is acceptable with Rev-B resistor values.
PC817 GS4,U15,DIP-4_W7.62mm,1,THT assembly / verify,"JLC THT, consign, or hand-solder","PC817/LTV-817 optocoupler, DIP-4, 7.62mm row spacing",PC817C/LTV-817C family,JLC candidates C5692981 or C50176486,,Keep the wide isolation footprint; verify CTR bin is acceptable with Rev-B resistor values.
PC817 GS5,U16,DIP-4_W7.62mm,1,THT assembly / verify,"JLC THT, consign, or hand-solder","PC817/LTV-817 optocoupler, DIP-4, 7.62mm row spacing",PC817C/LTV-817C family,JLC candidates C5692981 or C50176486,,Keep the wide isolation footprint; verify CTR bin is acceptable with Rev-B resistor values.
PC817 GS6,U17,DIP-4_W7.62mm,1,THT assembly / verify,"JLC THT, consign, or hand-solder","PC817/LTV-817 optocoupler, DIP-4, 7.62mm row spacing",PC817C/LTV-817C family,JLC candidates C5692981 or C50176486,,Keep the wide isolation footprint; verify CTR bin is acceptable with Rev-B resistor values.
PC817 GS7,U18,DIP-4_W7.62mm,1,THT assembly / verify,"JLC THT, consign, or hand-solder","PC817/LTV-817 optocoupler, DIP-4, 7.62mm row spacing",PC817C/LTV-817C family,JLC candidates C5692981 or C50176486,,Keep the wide isolation footprint; verify CTR bin is acceptable with Rev-B resistor values.
PC817 GS8,U19,DIP-4_W7.62mm,1,THT assembly / verify,"JLC THT, consign, or hand-solder","PC817/LTV-817 optocoupler, DIP-4, 7.62mm row spacing",PC817C/LTV-817C family,JLC candidates C5692981 or C50176486,,Keep the wide isolation footprint; verify CTR bin is acceptable with Rev-B resistor values.
PC817 GS9,U20,DIP-4_W7.62mm,1,THT assembly / verify,"JLC THT, consign, or hand-solder","PC817/LTV-817 optocoupler, DIP-4, 7.62mm row spacing",PC817C/LTV-817C family,JLC candidates C5692981 or C50176486,,Keep the wide isolation footprint; verify CTR bin is acceptable with Rev-B resistor values.
PC817 MAN_S,U30,DIP-4_W7.62mm,1,THT assembly / verify,"JLC THT, consign, or hand-solder","PC817/LTV-817 optocoupler, DIP-4, 7.62mm row spacing",PC817C/LTV-817C family,JLC candidates C5692981 or C50176486,,Keep the wide isolation footprint; verify CTR bin is acceptable with Rev-B resistor values.
PC817 MAN_SWS,U31,DIP-4_W7.62mm,1,THT assembly / verify,"JLC THT, consign, or hand-solder","PC817/LTV-817 optocoupler, DIP-4, 7.62mm row spacing",PC817C/LTV-817C family,JLC candidates C5692981 or C50176486,,Keep the wide isolation footprint; verify CTR bin is acceptable with Rev-B resistor values.
PC817 MAN_SWSR,U32,DIP-4_W7.62mm,1,THT assembly / verify,"JLC THT, consign, or hand-solder","PC817/LTV-817 optocoupler, DIP-4, 7.62mm row spacing",PC817C/LTV-817C family,JLC candidates C5692981 or C50176486,,Keep the wide isolation footprint; verify CTR bin is acceptable with Rev-B resistor values.
PC817 MAN_T,U29,DIP-4_W7.62mm,1,THT assembly / verify,"JLC THT, consign, or hand-solder","PC817/LTV-817 optocoupler, DIP-4, 7.62mm row spacing",PC817C/LTV-817C family,JLC candidates C5692981 or C50176486,,Keep the wide isolation footprint; verify CTR bin is acceptable with Rev-B resistor values.
PC817 OS,U23,DIP-4_W7.62mm,1,THT assembly / verify,"JLC THT, consign, or hand-solder","PC817/LTV-817 optocoupler, DIP-4, 7.62mm row spacing",PC817C/LTV-817C family,JLC candidates C5692981 or C50176486,,Keep the wide isolation footprint; verify CTR bin is acceptable with Rev-B resistor values.
PC817 PBC,U26,DIP-4_W7.62mm,1,THT assembly / verify,"JLC THT, consign, or hand-solder","PC817/LTV-817 optocoupler, DIP-4, 7.62mm row spacing",PC817C/LTV-817C family,JLC candidates C5692981 or C50176486,,Keep the wide isolation footprint; verify CTR bin is acceptable with Rev-B resistor values.
PC817 PBZ,U25,DIP-4_W7.62mm,1,THT assembly / verify,"JLC THT, consign, or hand-solder","PC817/LTV-817 optocoupler, DIP-4, 7.62mm row spacing",PC817C/LTV-817C family,JLC candidates C5692981 or C50176486,,Keep the wide isolation footprint; verify CTR bin is acceptable with Rev-B resistor values.
PC817 SA,U4,DIP-4_W7.62mm,1,THT assembly / verify,"JLC THT, consign, or hand-solder","PC817/LTV-817 optocoupler, DIP-4, 7.62mm row spacing",PC817C/LTV-817C family,JLC candidates C5692981 or C50176486,,Keep the wide isolation footprint; verify CTR bin is acceptable with Rev-B resistor values.
PC817 SB,U5,DIP-4_W7.62mm,1,THT assembly / verify,"JLC THT, consign, or hand-solder","PC817/LTV-817 optocoupler, DIP-4, 7.62mm row spacing",PC817C/LTV-817C family,JLC candidates C5692981 or C50176486,,Keep the wide isolation footprint; verify CTR bin is acceptable with Rev-B resistor values.
PC817 SC,U6,DIP-4_W7.62mm,1,THT assembly / verify,"JLC THT, consign, or hand-solder","PC817/LTV-817 optocoupler, DIP-4, 7.62mm row spacing",PC817C/LTV-817C family,JLC candidates C5692981 or C50176486,,Keep the wide isolation footprint; verify CTR bin is acceptable with Rev-B resistor values.
PC817 TA1,U7,DIP-4_W7.62mm,1,THT assembly / verify,"JLC THT, consign, or hand-solder","PC817/LTV-817 optocoupler, DIP-4, 7.62mm row spacing",PC817C/LTV-817C family,JLC candidates C5692981 or C50176486,,Keep the wide isolation footprint; verify CTR bin is acceptable with Rev-B resistor values.
PC817 TA2,U8,DIP-4_W7.62mm,1,THT assembly / verify,"JLC THT, consign, or hand-solder","PC817/LTV-817 optocoupler, DIP-4, 7.62mm row spacing",PC817C/LTV-817C family,JLC candidates C5692981 or C50176486,,Keep the wide isolation footprint; verify CTR bin is acceptable with Rev-B resistor values.
PC817 TB,U9,DIP-4_W7.62mm,1,THT assembly / verify,"JLC THT, consign, or hand-solder","PC817/LTV-817 optocoupler, DIP-4, 7.62mm row spacing",PC817C/LTV-817C family,JLC candidates C5692981 or C50176486,,Keep the wide isolation footprint; verify CTR bin is acceptable with Rev-B resistor values.
PC817 TENTH,U28,DIP-4_W7.62mm,1,THT assembly / verify,"JLC THT, consign, or hand-solder","PC817/LTV-817 optocoupler, DIP-4, 7.62mm row spacing",PC817C/LTV-817C family,JLC candidates C5692981 or C50176486,,Keep the wide isolation footprint; verify CTR bin is acceptable with Rev-B resistor values.
TMA-0505S,U37,Converter_DCDC_TRACO_TMA-05xxS_12xxS_Single_THT,1,THT assembly / consign likely,Consign exact part unless stock match is proven,TMA-0505S isolated 5V-to-5V 1W SIP DC/DC converter,TRACO Power TMA 0505S,,,"Do not substitute until pinout, isolation rating, output current, and footprint are checked."
RP2040 Pico,A1,RaspberryPi_Pico_SMD,1,Consign / assembly-house verify,Consign or separately source,"Raspberry Pi Pico module, SMD castellated footprint",Raspberry Pi Pico,JLC candidate C7203002,,Verify assembly house will place module; otherwise hand-solder after SMT/THT assembly.
