Ref,Val,Package,PosX,PosY,Rot,Side
"A1","RP2040 Pico","RaspberryPi_Pico_SMD",124.000000,-55.000000,0.000000,top
"C1","0.1uF","C_0805_2012Metric",116.000000,-92.000000,0.000000,top
"C2","0.1uF","C_0805_2012Metric",113.000000,-130.000000,0.000000,top
"C3","0.1uF","C_0805_2012Metric",140.000000,-96.000000,0.000000,top
"C11","100uF/16V","CP_Elec_6.3x5.4",156.000000,-42.000000,90.000000,top
"C12","0.1uF","C_0805_2012Metric",156.000000,-67.000000,90.000000,top
"C13","10nF","C_0805_2012Metric",166.000000,-42.000000,90.000000,top
"C14","10uF","C_0805_2012Metric",140.000000,-78.000000,0.000000,top
"D1","1N4148","D_SOD-323",164.000000,-78.000000,0.000000,top
"D3","1N4148","D_SOD-323",164.000000,-100.000000,0.000000,top
"D5","1N4148","D_SOD-323",164.000000,-122.000000,0.000000,top
"D7","1N4148","D_SOD-323",164.000000,-144.000000,0.000000,top
"D9","1N4148","D_SOD-323",164.000000,-166.000000,0.000000,top
"D11","1N4148","D_SOD-323",164.000000,-188.000000,0.000000,top
"D15","1N4148","D_SOD-323",152.000000,-35.000000,0.000000,top
"D16","1N4148","D_SOD-323",159.000000,-35.000000,0.000000,top
"D17","SS14","D_SMA",101.000000,-24.000000,0.000000,top
"J1","J_PI","IDC-Header_2x10_P2.54mm_Vertical",126.000000,-10.000000,90.000000,top
"J2","J_PWR 5V","TerminalBlock_Phoenix_MKDS-1,5-3-5.08_1x03_P5.08mm_Horizontal",104.000000,-10.000000,0.000000,top
"J3","J_FAST_IN","PhoenixContact_MCV_1,5_10-G-3.5_1x10_P3.50mm_Vertical",9.000000,-42.000000,90.000000,top
"J4","J_SLOW_IN_A","PhoenixContact_MCV_1,5_14-G-3.5_1x14_P3.50mm_Vertical",9.000000,-103.000000,90.000000,top
"J5","J_SLOW_IN_B","PhoenixContact_MCV_1,5_12-G-3.5_1x12_P3.50mm_Vertical",9.000000,-168.000000,90.000000,top
"J6","J_MOTION_S 5.08mm","TerminalBlock_Phoenix_MKDS-1,5-2-5.08_1x02_P5.08mm_Horizontal",242.000000,-68.000000,-90.000000,top
"J7","J_MOTION_T 5.08mm","TerminalBlock_Phoenix_MKDS-1,5-2-5.08_1x02_P5.08mm_Horizontal",242.000000,-90.000000,-90.000000,top
"J8","J_MOTION_SP 5.08mm","TerminalBlock_Phoenix_MKDS-1,5-2-5.08_1x02_P5.08mm_Horizontal",242.000000,-112.000000,-90.000000,top
"J9","J_MOTION_BE 5.08mm","TerminalBlock_Phoenix_MKDS-1,5-2-5.08_1x02_P5.08mm_Horizontal",242.000000,-134.000000,-90.000000,top
"J10","J_MOTION_M 5.08mm","TerminalBlock_Phoenix_MKDS-1,5-2-5.08_1x02_P5.08mm_Horizontal",242.000000,-156.000000,-90.000000,top
"J11","J_MOTION_M2 5.08mm","TerminalBlock_Phoenix_MKDS-1,5-2-5.08_1x02_P5.08mm_Horizontal",242.000000,-178.000000,-90.000000,top
"J13","J_LAMP_LED","PhoenixContact_MCV_1,5_6-G-3.5_1x06_P3.50mm_Vertical",104.000000,-206.000000,0.000000,top
"J14","J_SAFETY","PhoenixContact_MCV_1,5_4-G-3.5_1x04_P3.50mm_Vertical",160.000000,-10.000000,0.000000,top
"K1","G5LE S","Relay_SPDT_Omron-G5LE-1",176.000000,-72.000000,90.000000,top
"K2","G5LE T","Relay_SPDT_Omron-G5LE-1",176.000000,-94.000000,90.000000,top
"K3","G5LE SP","Relay_SPDT_Omron-G5LE-1",176.000000,-116.000000,90.000000,top
"K4","G5LE BE","Relay_SPDT_Omron-G5LE-1",176.000000,-138.000000,90.000000,top
"K5","G5LE M","Relay_SPDT_Omron-G5LE-1",176.000000,-160.000000,90.000000,top
"K6","G5LE M2","Relay_SPDT_Omron-G5LE-1",176.000000,-182.000000,90.000000,top
"Q1","MMBT3904 S","SOT-23",160.000000,-67.000000,0.000000,top
"Q2","MMBT3904 T","SOT-23",160.000000,-89.000000,0.000000,top
"Q3","MMBT3904 SP","SOT-23",160.000000,-111.000000,0.000000,top
"Q4","MMBT3904 BE","SOT-23",160.000000,-133.000000,0.000000,top
"Q5","MMBT3904 M","SOT-23",160.000000,-155.000000,0.000000,top
"Q6","MMBT3904 M2","SOT-23",160.000000,-177.000000,0.000000,top
"Q8","2N7002 LED L_FIRST","SOT-23",104.000000,-198.000000,0.000000,top
"Q9","2N7002 LED L_SECOND","SOT-23",116.000000,-198.000000,0.000000,top
"Q10","2N7002 LED L_STRIKE","SOT-23",128.000000,-198.000000,0.000000,top
"Q11","2N7002 LED L_FOUL","SOT-23",140.000000,-198.000000,0.000000,top
"Q12","AO3400A kick","SOT-23",142.000000,-58.000000,0.000000,top
"Q13","AO3400A wdog","SOT-23",162.000000,-58.000000,0.000000,top
"Q14","AO3401A rail pass","SOT-23",158.000000,-82.000000,0.000000,top
"Q15","MMBT3904 AND ARM","SOT-23",143.000000,-92.000000,0.000000,top
"Q16","MMBT3904 AND RP_OK","SOT-23",160.000000,-96.000000,0.000000,top
"R1","4.7k","R_0805_2012Metric",103.000000,-86.000000,90.000000,top
"R2","4.7k","R_0805_2012Metric",110.000000,-86.000000,90.000000,top
"R3","2k2","R_0805_2012Metric",58.000000,-22.200000,0.000000,top
"R4","10k","R_0805_2012Metric",92.000000,-25.800000,0.000000,top
"R5","2k2","R_0805_2012Metric",58.000000,-28.200000,0.000000,top
"R6","10k","R_0805_2012Metric",92.000000,-31.800000,0.000000,top
"R7","2k2","R_0805_2012Metric",58.000000,-34.200000,0.000000,top
"R8","10k","R_0805_2012Metric",92.000000,-37.800000,0.000000,top
"R9","2k2","R_0805_2012Metric",58.000000,-40.200000,0.000000,top
"R10","10k","R_0805_2012Metric",92.000000,-43.800000,0.000000,top
"R11","2k2","R_0805_2012Metric",58.000000,-46.200000,0.000000,top
"R12","10k","R_0805_2012Metric",92.000000,-49.800000,0.000000,top
"R13","2k2","R_0805_2012Metric",58.000000,-52.200000,0.000000,top
"R14","10k","R_0805_2012Metric",92.000000,-55.800000,0.000000,top
"R15","2k2","R_0805_2012Metric",58.000000,-58.200000,0.000000,top
"R16","10k","R_0805_2012Metric",92.000000,-61.800000,0.000000,top
"R17","2k2","R_0805_2012Metric",58.000000,-64.200000,0.000000,top
"R18","10k","R_0805_2012Metric",92.000000,-67.800000,0.000000,top
"R19","2k2","R_0805_2012Metric",58.000000,-70.200000,0.000000,top
"R20","10k","R_0805_2012Metric",92.000000,-73.800000,0.000000,top
"R21","2k2","R_0805_2012Metric",58.000000,-76.200000,0.000000,top
"R22","10k","R_0805_2012Metric",92.000000,-79.800000,0.000000,top
"R23","2k2","R_0805_2012Metric",58.000000,-82.200000,0.000000,top
"R24","10k","R_0805_2012Metric",92.000000,-85.800000,0.000000,top
"R25","2k2","R_0805_2012Metric",58.000000,-88.200000,0.000000,top
"R26","10k","R_0805_2012Metric",92.000000,-91.800000,0.000000,top
"R27","2k2","R_0805_2012Metric",58.000000,-94.200000,0.000000,top
"R28","10k","R_0805_2012Metric",92.000000,-97.800000,0.000000,top
"R29","2k2","R_0805_2012Metric",58.000000,-100.200000,0.000000,top
"R30","10k","R_0805_2012Metric",92.000000,-103.800000,0.000000,top
"R31","2k2","R_0805_2012Metric",58.000000,-106.200000,0.000000,top
"R32","10k","R_0805_2012Metric",92.000000,-109.800000,0.000000,top
"R33","2k2","R_0805_2012Metric",58.000000,-112.200000,0.000000,top
"R34","10k","R_0805_2012Metric",92.000000,-115.800000,0.000000,top
"R35","2k2","R_0805_2012Metric",58.000000,-118.200000,0.000000,top
"R36","10k","R_0805_2012Metric",92.000000,-121.800000,0.000000,top
"R37","2k2","R_0805_2012Metric",58.000000,-124.200000,0.000000,top
"R38","10k","R_0805_2012Metric",92.000000,-127.800000,0.000000,top
"R39","2k2","R_0805_2012Metric",58.000000,-130.199999,0.000000,top
"R40","10k","R_0805_2012Metric",92.000000,-133.800000,0.000000,top
"R41","2k2","R_0805_2012Metric",58.000000,-136.200000,0.000000,top
"R42","10k","R_0805_2012Metric",92.000000,-139.800000,0.000000,top
"R43","2k2","R_0805_2012Metric",58.000000,-142.200000,0.000000,top
"R44","10k","R_0805_2012Metric",92.000000,-145.800000,0.000000,top
"R45","2k2","R_0805_2012Metric",58.000000,-148.200000,0.000000,top
"R46","10k","R_0805_2012Metric",92.000000,-151.800000,0.000000,top
"R47","2k2","R_0805_2012Metric",58.000000,-154.200000,0.000000,top
"R48","10k","R_0805_2012Metric",92.000000,-157.800000,0.000000,top
"R49","2k2","R_0805_2012Metric",58.000000,-160.200000,0.000000,top
"R50","10k","R_0805_2012Metric",92.000000,-163.800000,0.000000,top
"R51","2k2","R_0805_2012Metric",58.000000,-166.200000,0.000000,top
"R52","10k","R_0805_2012Metric",92.000000,-169.800000,0.000000,top
"R53","2k2","R_0805_2012Metric",58.000000,-172.200000,0.000000,top
"R54","10k","R_0805_2012Metric",92.000000,-175.800000,0.000000,top
"R55","2k2","R_0805_2012Metric",58.000000,-178.200000,0.000000,top
"R56","10k","R_0805_2012Metric",92.000000,-181.800000,0.000000,top
"R57","2k2","R_0805_2012Metric",58.000000,-184.200000,0.000000,top
"R58","10k","R_0805_2012Metric",92.000000,-187.800000,0.000000,top
"R59","2k2","R_0805_2012Metric",58.000000,-190.200000,0.000000,top
"R60","10k","R_0805_2012Metric",92.000000,-193.800000,0.000000,top
"R61","2k2","R_0805_2012Metric",58.000000,-196.200000,0.000000,top
"R62","10k","R_0805_2012Metric",92.000000,-199.800000,0.000000,top
"R63","2k2","R_0805_2012Metric",58.000000,-202.200000,0.000000,top
"R64","10k","R_0805_2012Metric",92.000000,-205.800000,0.000000,top
"R65","2k2","R_0805_2012Metric",58.000000,-208.200000,0.000000,top
"R66","10k","R_0805_2012Metric",92.000000,-211.800000,0.000000,top
"R67","1k","R_0805_2012Metric",150.000000,-65.000000,90.000000,top
"R68","100k","R_0805_2012Metric",150.000000,-71.000000,90.000000,top
"R70","1k","R_0805_2012Metric",150.000000,-87.000000,90.000000,top
"R71","100k","R_0805_2012Metric",150.000000,-93.000000,90.000000,top
"R73","1k","R_0805_2012Metric",150.000000,-109.000000,90.000000,top
"R74","100k","R_0805_2012Metric",150.000000,-115.000000,90.000000,top
"R76","1k","R_0805_2012Metric",150.000000,-131.000000,90.000000,top
"R77","100k","R_0805_2012Metric",150.000000,-137.000000,90.000000,top
"R79","1k","R_0805_2012Metric",150.000000,-153.000000,90.000000,top
"R80","100k","R_0805_2012Metric",150.000000,-159.000000,90.000000,top
"R82","1k","R_0805_2012Metric",150.000000,-175.000000,90.000000,top
"R83","100k","R_0805_2012Metric",150.000000,-181.000000,90.000000,top
"R88","1k","R_0805_2012Metric",101.000000,-190.000000,90.000000,top
"R89","100k","R_0805_2012Metric",107.000000,-190.000000,90.000000,top
"R90","330R","R_0805_2012Metric",104.000000,-182.000000,0.000000,top
"R91","1k","R_0805_2012Metric",113.000000,-190.000000,90.000000,top
"R92","100k","R_0805_2012Metric",119.000000,-190.000000,90.000000,top
"R93","330R","R_0805_2012Metric",116.000000,-182.000000,0.000000,top
"R94","1k","R_0805_2012Metric",125.000000,-190.000000,90.000000,top
"R95","100k","R_0805_2012Metric",131.000000,-190.000000,90.000000,top
"R96","330R","R_0805_2012Metric",128.000000,-182.000000,0.000000,top
"R97","1k","R_0805_2012Metric",137.000000,-190.000000,90.000000,top
"R98","100k","R_0805_2012Metric",143.000000,-190.000000,90.000000,top
"R99","330R","R_0805_2012Metric",140.000000,-182.000000,0.000000,top
"R100","100k","R_0805_2012Metric",146.000000,-40.000000,90.000000,top
"R101","10k","R_0805_2012Metric",145.000000,-78.000000,90.000000,top
"R102","1k","R_0805_2012Metric",142.000000,-47.000000,90.000000,top
"R103","10k","R_0805_2012Metric",142.000000,-70.000000,90.000000,top
"R104","1k","R_0805_2012Metric",162.000000,-47.000000,90.000000,top
"R105","10k","R_0805_2012Metric",162.000000,-70.000000,90.000000,top
"R106","100k","R_0805_2012Metric",148.000000,-82.000000,90.000000,top
"R107","10k","R_0805_2012Metric",133.000000,-90.000000,90.000000,top
"R108","100k","R_0805_2012Metric",133.000000,-98.000000,90.000000,top
"R109","10k","R_0805_2012Metric",170.000000,-90.000000,90.000000,top
"R110","100k","R_0805_2012Metric",170.000000,-98.000000,90.000000,top
"U1","MCP23017 MCP_IN_A","SOIC-28W_7.5x17.9mm_P1.27mm",122.000000,-104.000000,0.000000,top
"U2","MCP23017 MCP_IN_B","SOIC-28W_7.5x17.9mm_P1.27mm",122.000000,-146.000000,0.000000,top
"U3","MCP23017 MCP_OUT_A","SOIC-28W_7.5x17.9mm_P1.27mm",140.000000,-112.000000,0.000000,top
"U4","PC817 SA","DIP-4_W7.62mm",74.000000,-24.000000,0.000000,top
"U5","PC817 SB","DIP-4_W7.62mm",74.000000,-30.000000,0.000000,top
"U6","PC817 SC","DIP-4_W7.62mm",74.000000,-36.000000,0.000000,top
"U7","PC817 TA1","DIP-4_W7.62mm",74.000000,-42.000000,0.000000,top
"U8","PC817 TA2","DIP-4_W7.62mm",74.000000,-48.000000,0.000000,top
"U9","PC817 TB","DIP-4_W7.62mm",74.000000,-54.000000,0.000000,top
"U10","PC817 DIELL_L","DIP-4_W7.62mm",74.000000,-60.000000,0.000000,top
"U11","PC817 DIELL_R","DIP-4_W7.62mm",74.000000,-66.000000,0.000000,top
"U12","PC817 GS1","DIP-4_W7.62mm",74.000000,-72.000000,0.000000,top
"U13","PC817 GS2","DIP-4_W7.62mm",74.000000,-78.000000,0.000000,top
"U14","PC817 GS3","DIP-4_W7.62mm",74.000000,-84.000000,0.000000,top
"U15","PC817 GS4","DIP-4_W7.62mm",74.000000,-90.000000,0.000000,top
"U16","PC817 GS5","DIP-4_W7.62mm",74.000000,-96.000000,0.000000,top
"U17","PC817 GS6","DIP-4_W7.62mm",74.000000,-102.000000,0.000000,top
"U18","PC817 GS7","DIP-4_W7.62mm",74.000000,-108.000000,0.000000,top
"U19","PC817 GS8","DIP-4_W7.62mm",74.000000,-114.000000,0.000000,top
"U20","PC817 GS9","DIP-4_W7.62mm",74.000000,-120.000000,0.000000,top
"U21","PC817 GS10","DIP-4_W7.62mm",74.000000,-126.000000,0.000000,top
"U22","PC817 GP","DIP-4_W7.62mm",74.000000,-132.000000,0.000000,top
"U23","PC817 OS","DIP-4_W7.62mm",74.000000,-138.000000,0.000000,top
"U24","PC817 BS","DIP-4_W7.62mm",74.000000,-144.000000,0.000000,top
"U25","PC817 PBZ","DIP-4_W7.62mm",74.000000,-150.000000,0.000000,top
"U26","PC817 PBC","DIP-4_W7.62mm",74.000000,-156.000000,0.000000,top
"U27","PC817 FOUL","DIP-4_W7.62mm",74.000000,-162.000000,0.000000,top
"U28","PC817 TENTH","DIP-4_W7.62mm",74.000000,-168.000000,0.000000,top
"U29","PC817 MAN_T","DIP-4_W7.62mm",74.000000,-174.000000,0.000000,top
"U30","PC817 MAN_S","DIP-4_W7.62mm",74.000000,-180.000000,0.000000,top
"U31","PC817 MAN_SWS","DIP-4_W7.62mm",74.000000,-186.000000,0.000000,top
"U32","PC817 MAN_SWSR","DIP-4_W7.62mm",74.000000,-192.000000,0.000000,top
"U33","PC817 AUX1","DIP-4_W7.62mm",74.000000,-198.000000,0.000000,top
"U34","PC817 AUX2","DIP-4_W7.62mm",74.000000,-204.000000,0.000000,top
"U35","PC817 AUX3","DIP-4_W7.62mm",74.000000,-210.000000,0.000000,top
"U36","NE555","SOIC-8_3.9x4.9mm_P1.27mm",151.000000,-50.000000,0.000000,top
"U37","TMA-0505S","Converter_DCDC_TRACO_TMA-05xxS_12xxS_Single_THT",73.900000,-13.000000,90.000000,top
